date,ticker,open,high,low,close,adj_close,volume
2025-01-02,AZN.L,10406.0,10650.0,10314.0,10630.0,10626.646484375,2588002
2025-01-03,AZN.L,10656.0,10786.0,10528.0,10594.0,10590.658203125,2879413
2025-01-06,AZN.L,10552.0,10730.0,10552.0,10712.0,10708.6201171875,2451616
2025-01-07,AZN.L,10598.0,10714.0,10526.0,10668.0,10664.6337890625,2763990
2025-01-08,AZN.L,10664.0,10768.0,10496.0,10754.0,10750.607421875,1222394
2025-01-09,AZN.L,10806.0,11000.0,10778.0,10988.0,10984.533203125,2841197
2025-01-10,AZN.L,10980.0,11008.0,10900.0,10982.0,10978.53515625,3061815
2025-01-13,AZN.L,10900.0,10936.0,10794.0,10822.0,10818.5859375,3953891
2025-01-14,AZN.L,10768.0,10826.0,10586.0,10630.0,10626.646484375,3903004
2025-01-15,AZN.L,10628.0,10674.0,10577.4775390625,10648.0,10644.640625,1861443
2025-01-16,AZN.L,10728.0,10844.0,10722.0,10844.0,10840.578125,1140265
2025-01-17,AZN.L,10950.0,11122.0,10910.0,10938.0,10934.548828125,2895289
2025-01-20,AZN.L,10942.0,10984.0,10794.0,10794.0,10790.5947265625,1013433
2025-01-21,AZN.L,10832.0,11052.0,10790.0,11052.0,11048.5126953125,1327333
2025-01-22,AZN.L,11010.0,11098.0,10948.0,11040.0,11036.517578125,1999147
2025-01-23,AZN.L,11098.0,11156.0,11034.0,11046.0,11042.5146484375,3383647
2025-01-24,AZN.L,11106.0,11138.0,11022.0,11050.0,11046.513671875,1374874
2025-01-27,AZN.L,11070.0,11214.0,11028.0,11180.0,11176.47265625,1228179
2025-01-28,AZN.L,11194.0,11288.0,11134.0,11170.0,11166.4755859375,6515272
2025-01-29,AZN.L,11132.0,11326.0,11120.0,11232.0,11228.455078125,1703695
2025-01-30,AZN.L,11242.0,11330.0,11156.0,11314.0,11310.4296875,3102211
2025-01-31,AZN.L,11422.0,11438.0,11312.6767578125,11344.0,11340.4208984375,2934215
2025-02-03,AZN.L,11248.0,11350.0,11228.0,11276.0,11272.4423828125,3214870
2025-02-04,AZN.L,11180.0,11304.0,10964.0,11030.0,11026.5205078125,1998421
2025-02-05,AZN.L,11034.0,11160.0,10942.0,11126.0,11122.490234375,1977083
2025-02-06,AZN.L,11364.0,11978.0,11332.0,11786.0,11782.28125,2998505
2025-02-07,AZN.L,11600.0,11684.0,11500.0,11600.0,11596.33984375,4539386
2025-02-10,AZN.L,11584.0,11800.0,11526.0,11718.0,11714.302734375,1311552
2025-02-11,AZN.L,11688.0,11710.0,11538.0068359375,11624.0,11620.33203125,11271759
2025-02-12,AZN.L,11670.0,11832.0,11580.0,11802.0,11798.27734375,4282148
2025-02-13,AZN.L,12002.0,12060.0,11852.0,11964.0,11960.2255859375,4659511
2025-02-14,AZN.L,11844.0,11908.0,11678.0,11708.0,11704.3046875,3001389
2025-02-17,AZN.L,11682.0,11734.0,11644.0,11714.0,11710.3046875,719403
2025-02-18,AZN.L,11764.0,11844.0,11683.0380859375,11788.0,11784.28125,1256095
2025-02-19,AZN.L,11808.0,11836.0,11688.0,11704.0,11700.3076171875,1300004
2025-02-20,AZN.L,11480.0,11610.0,11442.0,11590.0,11588.0068359375,2955085
2025-02-21,AZN.L,11552.0,11778.0,11534.0,11708.0,11705.9853515625,2971779
2025-02-24,AZN.L,11724.0,11840.0,11704.0,11772.0,11769.9755859375,1943083
2025-02-25,AZN.L,11800.0,11982.0,11798.0,11932.0,11929.947265625,4093763
2025-02-26,AZN.L,12134.0,12208.0,11881.880859375,11882.0,11879.9560546875,4016833
2025-02-27,AZN.L,11764.0,12048.0,11764.0,12018.0,12015.9326171875,4160614
2025-02-28,AZN.L,11942.0,12066.0,11904.0,11968.0,11965.94140625,4994802
2025-03-03,AZN.L,11970.0,12018.0,11866.0,11904.0,11901.9521484375,3298899
2025-03-04,AZN.L,11916.0,12144.0,11904.0,12064.0,12061.9248046875,3693789
2025-03-05,AZN.L,11988.0,12079.9931640625,11866.0400390625,12062.0,12059.9248046875,5463457
2025-03-06,AZN.L,12022.0,12056.0,11934.0,12028.0,12025.931640625,2085930
2025-03-07,AZN.L,11968.0,12072.0,11914.0,12072.0,12069.9228515625,3117551
2025-03-10,AZN.L,11914.0,11944.0,11644.0,11842.0,11839.962890625,2680025
2025-03-11,AZN.L,11794.0,11838.0,11468.0,11480.0,11478.0244140625,2003279
2025-03-12,AZN.L,11500.0,11676.0,11482.0,11650.0,11647.99609375,2588248
2025-03-13,AZN.L,11706.0,11898.0,11644.0,11882.0,11879.9560546875,2893497
2025-03-14,AZN.L,11860.0,12020.0,11854.0,11994.0,11991.9365234375,2288953
2025-03-17,AZN.L,12090.0,12090.0,11782.0,11904.0,11901.9521484375,1670383
2025-03-18,AZN.L,11908.0,11978.0,11810.0,11846.0,11843.9619140625,1483611
2025-03-19,AZN.L,11798.0,11910.0,11770.0,11784.0,11781.97265625,1410679
2025-03-20,AZN.L,11728.0,11876.0,11728.0,11808.0,11805.96875,1506768
2025-03-21,AZN.L,11826.0,11828.0,11607.5361328125,11608.0,11606.0029296875,3858629
2025-03-24,AZN.L,11608.0,11632.0,11334.0,11452.0,11450.029296875,973505
2025-03-25,AZN.L,11452.0,11576.0,11316.0,11316.0,11314.0537109375,2722505
2025-03-26,AZN.L,11298.0,11348.0,11126.0,11232.0,11230.0673828125,1736077
2025-03-27,AZN.L,11168.0,11244.0,11110.0,11196.0,11194.07421875,1525128
2025-03-28,AZN.L,11226.0,11444.0,11226.0,11416.0,11414.0361328125,1392509
2025-03-31,AZN.L,11332.0,11366.0,11142.0,11254.0,11252.064453125,1652602
2025-04-01,AZN.L,11432.0,11486.0,11302.0,11366.0,11364.044921875,1216768
2025-04-02,AZN.L,11304.0,11326.0,11056.0,11228.0,11226.068359375,1425815
2025-04-03,AZN.L,11212.0,11552.0,11200.0,11392.0,11390.041015625,2026649
2025-04-04,AZN.L,11212.0,11342.0,10808.0,10808.0,10806.140625,2201554
2025-04-07,AZN.L,10500.0,10500.0,9981.0,10056.0,10054.2705078125,6315153
2025-04-08,AZN.L,10282.0,10470.0,10090.0,10374.0,10372.2158203125,3453705
2025-04-09,AZN.L,9934.0,10000.0,9573.5048828125,9667.0,9665.3369140625,3442448
2025-04-10,AZN.L,10226.0,10353.4423828125,9957.0,10018.0,10016.2763671875,3712987
2025-04-11,AZN.L,10012.0,10068.0,9840.0,10008.0,10006.2783203125,5087944
2025-04-14,AZN.L,10190.0,10332.0,10120.0,10320.0,10318.224609375,1379564
2025-04-15,AZN.L,10260.0,10336.0,10198.0,10280.0,10278.232421875,3745275
2025-04-16,AZN.L,10280.0,10322.0,10154.0,10254.0,10252.236328125,1901968
2025-04-17,AZN.L,10152.0,10202.0,10048.0,10124.0,10122.2587890625,3270915
2025-04-22,AZN.L,10122.0,10158.0,9845.0,10140.0,10138.255859375,2355704
2025-04-23,AZN.L,10262.0,10486.0,10226.0,10362.0,10360.2177734375,4199351
2025-04-24,AZN.L,10356.0,10450.0,10274.0,10444.0,10442.203125,4024887
2025-04-25,AZN.L,10470.0,10502.0,10332.0,10400.0,10398.2109375,2801716
2025-04-28,AZN.L,10416.0,10582.9345703125,10410.0,10526.0,10524.189453125,3055606
2025-04-29,AZN.L,10050.0,10620.0,9974.0,10618.0,10616.173828125,2494668
2025-04-30,AZN.L,10820.0,10892.0,10672.0,10728.0,10726.154296875,3299755
2025-05-01,AZN.L,10766.0,10800.0,10440.0,10608.0,10606.1748046875,1222912
2025-05-02,AZN.L,10656.0,10792.0,10599.181640625,10754.0,10752.150390625,2168988
2025-05-06,AZN.L,10890.0,10902.0,10672.0,10700.0,10698.1591796875,2984243
2025-05-07,AZN.L,10478.0,10554.0,10388.0,10504.0,10502.193359375,3690976
2025-05-08,AZN.L,10406.0,10438.0,10100.0,10134.0,10132.2568359375,2288161
2025-05-09,AZN.L,10140.0,10328.0,10132.0,10240.0,10238.2392578125,2846412
2025-05-12,AZN.L,9743.0,10320.0,9651.0,10272.0,10270.232421875,3037827
2025-05-13,AZN.L,10354.0,10394.0,10162.0,10180.0,10178.2490234375,1527172
2025-05-14,AZN.L,10164.0,10254.0,10008.0,10022.0,10020.2763671875,3888375
2025-05-15,AZN.L,9946.0,10228.0,9932.0,10142.0,10140.255859375,2520670
2025-05-16,AZN.L,10230.0,10376.0,10214.0,10330.0,10328.22265625,2953993
2025-05-19,AZN.L,10324.0,10372.0,10212.0,10372.0,10370.2158203125,2530300
2025-05-20,AZN.L,10440.0,10512.0,10348.0,10418.0,10416.2080078125,2290631
2025-05-21,AZN.L,10390.0,10556.0,10372.6904296875,10492.0,10490.1953125,3446520
2025-05-22,AZN.L,10410.0,10486.0,10330.0,10374.0,10372.2158203125,1081442
2025-05-23,AZN.L,10476.0,10514.0,10288.0,10436.0,10434.205078125,3121052
2025-05-27,AZN.L,10490.0,10598.0,10464.0,10484.0,10482.1962890625,1149268
2025-05-28,AZN.L,10468.0,10508.0,10364.0,10386.0,10384.212890625,1144372
2025-05-29,AZN.L,10450.0,10484.0,10364.0,10398.0,10396.2109375,1615691
2025-05-30,AZN.L,10424.0,10720.4287109375,10412.0,10720.0,10718.1552734375,5838803
2025-06-02,AZN.L,10806.0,10832.0,10504.0,10574.0,10572.181640625,2458816
2025-06-03,AZN.L,10644.0,10718.0,10578.5791015625,10638.0,10636.169921875,1407779
2025-06-04,AZN.L,10720.0,10814.0,10606.0,10766.0,10764.1474609375,4148339
2025-06-05,AZN.L,10808.0,10826.0,10614.0,10700.0,10698.1591796875,1238583
2025-06-06,AZN.L,10774.0,10790.0,10674.0,10782.0,10780.1455078125,1035006
2025-06-09,AZN.L,10788.0,10828.0,10696.0,10772.0,10770.1474609375,629958
2025-06-10,AZN.L,10812.0,10894.0,10726.0,10872.0,10870.1298828125,910149
2025-06-11,AZN.L,10866.0,10910.0,10746.0,10906.0,10904.1240234375,1482294
2025-06-12,AZN.L,10900.0,11086.0,10880.0,11030.0,11028.1025390625,1172368
2025-06-13,AZN.L,10924.0,11076.0,10904.0,10986.0,10984.1103515625,1985957
2025-06-16,AZN.L,10906.0,10978.0,10818.0,10818.0,10816.1396484375,2181759
2025-06-17,AZN.L,10702.0,10838.0,10596.0,10662.0,10660.166015625,2577127
2025-06-18,AZN.L,10500.0,10568.0,10460.0,10548.0,10546.185546875,1423209
2025-06-19,AZN.L,10454.0,10624.0,10452.0,10552.0,10550.1845703125,815343
2025-06-20,AZN.L,10610.0,10628.0,10378.0,10392.0,10390.212890625,4603842
2025-06-23,AZN.L,10324.0,10466.0,10310.0,10420.0,10418.2080078125,1754277
2025-06-24,AZN.L,10546.0,10606.0,10266.0,10332.0,10330.22265625,4087245
2025-06-25,AZN.L,10320.0,10370.0,10228.0,10248.0,10246.2373046875,2081995
2025-06-26,AZN.L,10184.0,10252.0,10144.0,10144.0,10142.2548828125,4208272
2025-06-27,AZN.L,10168.0,10262.0,10148.0,10224.0,10222.2412109375,1298688
2025-06-30,AZN.L,10216.0,10236.296875,10120.0,10120.0,10118.2587890625,1692827
2025-07-01,AZN.L,10140.0,10442.0,10103.0,10402.0,10400.2109375,1530192
2025-07-02,AZN.L,10446.0,10468.0,10326.0,10390.0,10388.212890625,1305789
2025-07-03,AZN.L,10394.0,10466.0,10112.0,10204.0,10202.2451171875,1996860
2025-07-04,AZN.L,10130.0,10416.0,10122.0,10336.0,10334.22265625,927347
2025-07-07,AZN.L,10360.0,10367.9501953125,10172.0,10218.0,10216.2421875,821187
2025-07-08,AZN.L,10218.0,10386.0,10148.0,10340.0,10338.220703125,1762578
2025-07-09,AZN.L,10270.0,10376.0,10238.0,10362.0,10360.2177734375,2459821
2025-07-10,AZN.L,10490.0,10678.0,10460.0,10626.0,10624.171875,1490017
2025-07-11,AZN.L,10612.0,10614.0,10424.0,10450.0,10448.203125,1745919
2025-07-14,AZN.L,10554.0,10762.0,10484.0,10662.0,10660.166015625,1212374
2025-07-15,AZN.L,10662.0,10714.0,10482.0,10496.0,10494.1943359375,1440667
2025-07-16,AZN.L,10452.0,10528.0,10320.0,10436.0,10434.205078125,1465976
2025-07-17,AZN.L,10394.0,10482.0,10300.0,10312.0,10310.2255859375,1296345
2025-07-18,AZN.L,10294.0,10352.0,10234.0,10294.0,10292.2294921875,1470444
2025-07-21,AZN.L,10266.0,10280.0,10178.0,10232.0,10230.240234375,2460332
2025-07-22,AZN.L,10216.0,10438.0,10198.0,10352.0,10350.2197265625,2054805
2025-07-23,AZN.L,10486.0,10684.0,10466.0,10674.0,10672.1640625,1968248
2025-07-24,AZN.L,10770.0,11000.0,10735.533203125,10906.0,10904.1240234375,1827824
2025-07-25,AZN.L,10864.0,10910.0,10766.0,10802.0,10800.142578125,6844997
2025-07-28,AZN.L,10960.0,11004.0,10699.3701171875,10790.0,10788.14453125,5723914
2025-07-29,AZN.L,11000.0,11228.0,10744.0,11158.0,11156.080078125,5839192
2025-07-30,AZN.L,11062.0,11498.5751953125,11062.0,11498.0,11496.0224609375,4702408
2025-07-31,AZN.L,11514.0,11554.0,11248.0,11324.0,11322.052734375,2856741
2025-08-01,AZN.L,11090.0,11162.0,10846.0,11104.0,11102.08984375,2265511
2025-08-04,AZN.L,11108.0,11136.556640625,10934.0,11136.0,11134.0849609375,2619721
2025-08-05,AZN.L,11220.0,11270.0,11154.0,11220.0,11218.0703125,1929022
2025-08-06,AZN.L,11204.0,11274.0,11054.0,11054.0,11052.0986328125,1355456
2025-08-07,AZN.L,10900.0,11022.0,10810.0,10950.0,10948.8759765625,5872552
2025-08-08,AZN.L,11110.0,11120.0,10876.0,10922.0,10920.87890625,3307227
2025-08-11,AZN.L,10992.0,11110.0,10986.0,11036.0,11034.8671875,2952554
2025-08-12,AZN.L,11024.0,11102.0,10994.0,11086.0,11084.8623046875,2207453
2025-08-13,AZN.L,11186.0,11444.0,11158.0,11444.0,11442.8251953125,1598480
2025-08-14,AZN.L,11442.0,11586.0,11404.0,11586.0,11584.810546875,2115415
2025-08-15,AZN.L,11618.0,11654.0,11538.0,11592.0,11590.810546875,2185395
2025-08-18,AZN.L,11696.0,11776.0,11642.0,11738.0,11736.794921875,3644208
2025-08-19,AZN.L,11710.0,11831.681640625,11686.0,11782.0,11780.791015625,5698126
2025-08-20,AZN.L,11798.0,12044.0,11778.0,11976.0,11974.7705078125,1329692
2025-08-21,AZN.L,11938.0,12062.0,11900.0,12048.0,12046.763671875,768494
2025-08-22,AZN.L,11934.0,12126.0,11932.0,11968.0,11966.771484375,1009953
2025-08-26,AZN.L,11876.0,12086.2470703125,11778.01953125,11872.0,11870.78125,2980596
2025-08-27,AZN.L,11898.0,11970.0,11820.0,11876.0,11874.78125,1352887
2025-08-28,AZN.L,11908.0,11916.0,11770.0,11810.0,11808.7880859375,1255394
2025-08-29,AZN.L,11858.0,11858.0,11786.0,11790.0,11788.7900390625,1041551
2025-09-01,AZN.L,11888.0,11946.0,11764.0,11850.0,11848.7841796875,808650
2025-09-02,AZN.L,11842.0,12034.0,11810.0,11904.0,11902.7783203125,1047973
2025-09-03,AZN.L,11976.0,12222.0,11944.0,12210.0,12208.7470703125,2746169
2025-09-04,AZN.L,12204.0,12256.0,12132.0,12188.0,12186.7490234375,1241306
2025-09-05,AZN.L,12170.0,12202.0,12086.0,12090.0,12088.7587890625,1828847
2025-09-08,AZN.L,12130.0,12130.0,11840.0,11970.0,11968.771484375,1168085
2025-09-09,AZN.L,11998.0,12010.0,11888.0,11976.0,11974.7705078125,983897
2025-09-10,AZN.L,12008.0,12064.0,11912.0,11914.0,11912.77734375,1129592
2025-09-11,AZN.L,11936.0,12002.0,11894.0,11956.0,11954.7724609375,1267493
2025-09-12,AZN.L,11930.0,11986.0,11772.0,11794.0,11792.7890625,1925210
2025-09-15,AZN.L,11656.0,11690.0,11338.83984375,11414.0,11412.828125,3189911
2025-09-16,AZN.L,11400.0,11502.0,11332.0,11346.0,11344.8359375,4005429
2025-09-17,AZN.L,11338.0,11400.0,11246.0,11396.0,11394.830078125,1404446
2025-09-18,AZN.L,11424.0,11450.0,11224.0,11248.0,11246.845703125,2290770
2025-09-19,AZN.L,11382.0,11444.0,11288.0,11304.0,11302.83984375,4377013
2025-09-22,AZN.L,11282.0,11514.0,11246.0,11500.0,11498.8193359375,1463375
2025-09-23,AZN.L,11432.0,11448.0,11248.0,11258.0,11256.8447265625,1477037
2025-09-24,AZN.L,11198.0,11242.0,11102.0,11210.0,11208.849609375,1431392
2025-09-25,AZN.L,11164.0,11186.0,10956.0,10956.0,10954.875,1788993
2025-09-26,AZN.L,10900.0,11020.0,10784.0,11000.0,10998.87109375,1552339
2025-09-29,AZN.L,11050.0,11188.0,10976.0,11088.0,11086.8623046875,2264944
2025-09-30,AZN.L,11034.0,11258.0,10922.0,11182.0,11180.8525390625,2361749
2025-10-01,AZN.L,11488.0,12462.0,11460.0751953125,12436.0,12434.7236328125,4372321
2025-10-02,AZN.L,12720.0,12750.0,12356.0,12454.0,12452.7216796875,3183803
2025-10-03,AZN.L,12452.0,12666.7060546875,12412.0,12650.0,12648.701171875,2234625
2025-10-06,AZN.L,12716.0,12866.0,12687.0,12726.0,12724.693359375,2970877
2025-10-07,AZN.L,12700.0,12832.0,12676.0,12780.0,12778.6884765625,1597439
2025-10-08,AZN.L,12806.0,12972.0,12774.1201171875,12806.0,12804.685546875,2932465
2025-10-09,AZN.L,12744.0,12940.0,12738.5556640625,12940.0,12938.671875,2356449
2025-10-10,AZN.L,12794.0,12926.0,12758.0,12782.0,12780.6884765625,4525646
2025-10-13,AZN.L,12830.0,12910.0,12610.0,12724.0,12722.6943359375,1233986
2025-10-14,AZN.L,12724.0,12808.0,12642.0,12738.0,12736.6923828125,2583306
2025-10-15,AZN.L,12684.0,12703.474609375,12434.0,12644.0,12642.7021484375,1646380
2025-10-16,AZN.L,12456.0,12612.0,12364.0,12554.0,12552.7119140625,1378244
2025-10-17,AZN.L,12522.0,12576.0,12358.0,12558.0,12556.7109375,1792327
2025-10-20,AZN.L,12668.0,12712.0,12564.0,12564.0,12562.7099609375,1245522
2025-10-21,AZN.L,12468.0,12550.0,12442.0,12474.0,12472.7197265625,1399376
2025-10-22,AZN.L,12398.0,12628.0,12382.0,12540.0,12538.712890625,4968839
2025-10-23,AZN.L,12432.0,12566.2998046875,12432.0,12496.0,12494.7177734375,1297691
2025-10-24,AZN.L,12530.0,12582.0,12416.0,12532.0,12530.7138671875,1424817
2025-10-27,AZN.L,12530.0,12616.0,12446.0,12546.0,12544.7119140625,1465043
2025-10-28,AZN.L,12586.0,12708.0,12406.0,12406.0,12404.7265625,1501366
2025-10-29,AZN.L,12500.0,12688.0,12424.0,12560.0,12558.7109375,946767
2025-10-30,AZN.L,12456.0,12556.0,12364.0,12546.0,12544.7119140625,1214684
2025-10-31,AZN.L,12562.0,12586.0,12424.0,12470.0,12468.7197265625,1089094
2025-11-03,AZN.L,12546.0,12584.009765625,12350.0,12364.0,12362.7314453125,1848389
2025-11-04,AZN.L,12448.0,12530.0,12240.0,12528.0,12526.7138671875,1233596
2025-11-05,AZN.L,12528.0,12596.2197265625,12436.0,12450.0,12448.7216796875,1818602
2025-11-06,AZN.L,12570.0,12994.0,12330.0,12834.0,12832.6826171875,3100862
2025-11-07,AZN.L,12788.0,12940.0,12714.0,12900.0,12898.67578125,3536657
2025-11-10,AZN.L,12904.0,13206.0,12840.0,13126.0,13124.65234375,3313530
2025-11-11,AZN.L,13400.0,13508.0,13284.0,13466.0,13464.6181640625,2223275
2025-11-12,AZN.L,13548.0,13548.0,13390.0,13518.0,13516.6123046875,1841863
2025-11-13,AZN.L,13440.0,13506.0,13318.0,13494.0,13492.615234375,1535199
2025-11-14,AZN.L,13464.0,13574.0,13408.0,13532.0,13530.611328125,1348061
2025-11-17,AZN.L,13530.0,13660.0,13520.0,13592.0,13590.6044921875,1324704
2025-11-18,AZN.L,13800.0,13884.0,13465.7685546875,13566.0,13564.607421875,1654756
2025-11-19,AZN.L,13560.0,13742.0,13503.615234375,13596.0,13594.6044921875,1594300
2025-11-20,AZN.L,13604.0,13788.0,13595.6611328125,13650.0,13648.5986328125,1656623
2025-11-21,AZN.L,13508.0,13836.0,13508.0,13820.0,13818.5810546875,3044890
2025-11-24,AZN.L,13932.0,13970.0,13820.0,13934.0,13932.5703125,3131678
2025-11-25,AZN.L,13874.0,14142.0,13852.0,14100.0,14098.552734375,2169015
2025-11-26,AZN.L,14162.0,14206.0,14024.0,14148.0,14146.5478515625,2008651
2025-11-27,AZN.L,14070.0,14164.0,13940.0,14012.0,14010.5615234375,1037265
2025-11-28,AZN.L,14002.0,14058.0,13920.0,13974.0,13972.5654296875,1719274
2025-12-01,AZN.L,13966.0,14092.0,13798.0,13836.0,13834.580078125,2063349
2025-12-02,AZN.L,13714.0,13820.0,13646.0,13800.0,13798.583984375,1678958
2025-12-03,AZN.L,13698.0,13826.0,13596.0,13694.0,13692.5947265625,1966626
2025-12-04,AZN.L,13612.0,13662.0,13452.0,13514.0,13512.61328125,1868518
2025-12-05,AZN.L,13560.0,13688.0,13542.0,13592.0,13590.6044921875,1501116
2025-12-08,AZN.L,13580.0,13702.0,13476.0,13578.0,13576.6064453125,3939740
2025-12-09,AZN.L,13758.0,13794.0,13568.0,13592.0,13590.6044921875,1232581
2025-12-10,AZN.L,13482.0,13848.0,13472.0,13514.0,13512.61328125,2485928
2025-12-11,AZN.L,13618.0,13688.0,13485.09765625,13596.0,13594.6044921875,1284701
2025-12-12,AZN.L,13502.0,13536.0,13362.0,13444.0,13442.6201171875,1443781
2025-12-15,AZN.L,13412.0,13638.0,13376.0,13612.0,13610.6025390625,2467869
2025-12-16,AZN.L,13744.0,13836.0,13448.0,13506.0,13504.61328125,3264200
2025-12-17,AZN.L,13574.0,13682.0,13534.0,13554.0,13552.6083984375,2468903
2025-12-18,AZN.L,13500.0,13596.0,13376.0,13548.0,13546.609375,4516004
2025-12-19,AZN.L,13574.0,15474.3603515625,13508.0,13672.0,13670.5966796875,10404657
2025-12-22,AZN.L,13592.0,13632.0,13476.0,13632.0,13630.6005859375,1451404
2025-12-23,AZN.L,13612.0,13806.0,13604.0,13736.0,13734.58984375,1083104
2025-12-24,AZN.L,13742.0,13742.0,13612.0,13674.0,13672.5966796875,688287
2025-12-29,AZN.L,13736.0,13806.0,13680.0,13748.0,13746.5888671875,1490651
2025-12-30,AZN.L,13712.0,13798.0,13692.0,13750.0,13748.5888671875,950400
2025-12-31,AZN.L,13768.0,13844.0,13722.0,13790.0,13788.5849609375,393830
2025-01-02,HSBA.L,777.0,785.0999755859375,768.3699951171875,783.4000244140625,782.73828125,22903622
2025-01-03,HSBA.L,775.5,787.2999877929688,775.5,782.2999877929688,781.63916015625,22045530
2025-01-06,HSBA.L,781.7999877929688,786.0999755859375,780.0999755859375,784.5,783.8372192382812,20891733
2025-01-07,HSBA.L,774.5,776.9099731445312,767.0,776.0,775.3444213867188,19327480
2025-01-08,HSBA.L,782.7000122070312,792.427001953125,781.4000244140625,791.2000122070312,790.5316162109375,23420002
2025-01-09,HSBA.L,794.0999755859375,802.5,790.0999755859375,802.5,801.822021484375,61105458
2025-01-10,HSBA.L,800.5999755859375,802.9000244140625,790.2999877929688,799.0999755859375,798.4248657226562,18662771
2025-01-13,HSBA.L,794.5999755859375,799.5,788.4000244140625,798.2999877929688,797.6256713867188,36198140
2025-01-14,HSBA.L,799.9000244140625,802.5,794.5999755859375,799.2000122070312,798.5248413085938,20760701
2025-01-15,HSBA.L,796.9000244140625,809.9000244140625,796.4000244140625,804.4000244140625,803.7203979492188,24509644
2025-01-16,HSBA.L,815.7999877929688,822.4000244140625,810.7999877929688,817.7999877929688,817.109130859375,24013907
2025-01-17,HSBA.L,820.5,828.2999877929688,818.5,822.7000122070312,822.0050048828125,31916347
2025-01-20,HSBA.L,825.0,828.5999755859375,823.6900024414062,825.2999877929688,824.602783203125,22745957
2025-01-21,HSBA.L,827.2999877929688,829.2000122070312,823.7999877929688,825.5,824.8026123046875,15984094
2025-01-22,HSBA.L,827.9000244140625,828.5,821.0999755859375,823.0,822.3048095703125,14599008
2025-01-23,HSBA.L,821.0,829.5,820.9000244140625,829.2999877929688,828.5994262695312,20377732
2025-01-24,HSBA.L,829.0,829.4000244140625,815.4000244140625,818.0,817.3088989257812,39775138
2025-01-27,HSBA.L,819.2000122070312,827.9000244140625,818.0999755859375,824.5,823.8034057617188,17558628
2025-01-28,HSBA.L,824.7999877929688,827.0,817.7000122070312,824.2000122070312,823.5037231445312,19402631
2025-01-29,HSBA.L,825.4000244140625,835.7999877929688,823.7000122070312,835.7999877929688,835.0938720703125,19831233
2025-01-30,HSBA.L,835.5,840.2000122070312,831.5,840.2000122070312,839.490234375,10693432
2025-01-31,HSBA.L,843.4000244140625,849.7999877929688,841.5,845.7000122070312,844.985595703125,31734396
2025-02-03,HSBA.L,828.7999877929688,836.5,815.0,821.5999755859375,820.9058227539062,19485136
2025-02-04,HSBA.L,831.9000244140625,831.9000244140625,821.7000122070312,829.2000122070312,828.49951171875,14772711
2025-02-05,HSBA.L,821.7999877929688,827.2999877929688,819.7999877929688,826.5,825.8017578125,42242938
2025-02-06,HSBA.L,830.0,848.0,830.0,848.0,847.2836303710938,11756513
2025-02-07,HSBA.L,845.4000244140625,854.0999755859375,844.7000122070312,854.0,853.2785034179688,43924520
2025-02-10,HSBA.L,853.0,872.2000122070312,852.5,866.2000122070312,865.4682006835938,35776874
2025-02-11,HSBA.L,872.5999755859375,875.5999755859375,866.4000244140625,875.5999755859375,874.8602294921875,32328302
2025-02-12,HSBA.L,872.7000122070312,882.3499755859375,869.2999877929688,881.7000122070312,880.9551391601562,19511190
2025-02-13,HSBA.L,874.0999755859375,879.5,870.0,875.9000244140625,875.1600952148438,21567042
2025-02-14,HSBA.L,864.2999877929688,871.2999877929688,862.0,869.7000122070312,868.96533203125,20849232
2025-02-17,HSBA.L,874.0,883.5999755859375,873.2559814453125,881.2999877929688,880.5554809570312,15119346
2025-02-18,HSBA.L,889.0,901.5999755859375,887.9000244140625,898.0999755859375,897.34130859375,24580960
2025-02-19,HSBA.L,896.0999755859375,908.0,883.7000122070312,895.4000244140625,894.6436767578125,29770954
2025-02-20,HSBA.L,888.9000244140625,893.2000122070312,877.0999755859375,879.7999877929688,879.0567016601562,25435913
2025-02-21,HSBA.L,879.2999877929688,890.0,877.0,885.7999877929688,885.0516357421875,26784718
2025-02-24,HSBA.L,872.5,881.9000244140625,872.0,877.7000122070312,876.9585571289062,24003811
2025-02-25,HSBA.L,884.5,905.4000244140625,882.0,899.5,898.7401123046875,26018729
2025-02-26,HSBA.L,906.2999877929688,911.7000122070312,894.75,911.7000122070312,910.9298095703125,23218021
2025-02-27,HSBA.L,907.0,917.77197265625,906.9000244140625,912.2999877929688,911.5292358398438,37351508
2025-02-28,HSBA.L,913.2000122070312,933.6279907226562,909.0999755859375,933.5999755859375,932.811279296875,100448770
2025-03-03,HSBA.L,934.0,950.2000122070312,929.4000244140625,942.5,941.7037963867188,40081355
2025-03-04,HSBA.L,935.7999877929688,937.4000244140625,916.2999877929688,916.2999877929688,915.5259399414062,26339558
2025-03-05,HSBA.L,927.0,936.3040161132812,921.6240234375,928.4000244140625,927.61572265625,24074743
2025-03-06,HSBA.L,901.5999755859375,903.2000122070312,879.22998046875,881.0,880.5147705078125,29804821
2025-03-07,HSBA.L,877.0999755859375,890.0,876.4000244140625,876.4000244140625,875.9173583984375,46851769
2025-03-10,HSBA.L,882.4000244140625,884.0,851.5999755859375,854.7999877929688,854.3291625976562,28712273
2025-03-11,HSBA.L,853.2000122070312,854.4000244140625,834.7999877929688,841.5999755859375,841.136474609375,35168491
2025-03-12,HSBA.L,848.2000122070312,852.0,843.9000244140625,847.7000122070312,847.2332153320312,30560699
2025-03-13,HSBA.L,853.4000244140625,861.2000122070312,849.0,853.0999755859375,852.6302490234375,22828435
2025-03-14,HSBA.L,851.0999755859375,873.7000122070312,850.0,870.0,869.5208740234375,20728833
2025-03-17,HSBA.L,873.2000122070312,879.2999877929688,869.5999755859375,877.7000122070312,877.2166748046875,12922266
2025-03-18,HSBA.L,885.9000244140625,896.7999877929688,880.7999877929688,894.2999877929688,893.8074951171875,42782722
2025-03-19,HSBA.L,889.9000244140625,898.7999877929688,887.0,895.9000244140625,895.4066772460938,16401680
2025-03-20,HSBA.L,893.0,894.4000244140625,873.2000122070312,876.0999755859375,875.6175537109375,31597430
2025-03-21,HSBA.L,880.0,884.5,872.0,881.5999755859375,881.114501953125,68350881
2025-03-24,HSBA.L,884.7000122070312,893.5,880.4000244140625,886.5999755859375,886.1116943359375,12608852
2025-03-25,HSBA.L,883.5,893.0,875.0,889.4000244140625,888.9102783203125,42060244
2025-03-26,HSBA.L,891.5,903.0,889.0999755859375,895.7000122070312,895.2067260742188,18401399
2025-03-27,HSBA.L,894.0999755859375,897.2000122070312,885.7999877929688,893.4000244140625,892.9080200195312,22478305
2025-03-28,HSBA.L,883.0999755859375,895.5,881.3510131835938,885.4000244140625,884.9124145507812,16143531
2025-03-31,HSBA.L,880.0,881.0,866.2999877929688,873.9000244140625,873.4187622070312,25759441
2025-04-01,HSBA.L,880.0,889.5999755859375,870.6010131835938,877.2000122070312,876.7168579101562,16914739
2025-04-02,HSBA.L,879.4000244140625,883.0,871.4000244140625,883.0,882.5137939453125,17444364
2025-04-03,HSBA.L,850.0,856.2999877929688,804.7000122070312,804.7000122070312,804.2568359375,44432340
2025-04-04,HSBA.L,787.5999755859375,791.2000122070312,737.0999755859375,760.0,759.5814819335938,42916672
2025-04-07,HSBA.L,723.0999755859375,769.7999877929688,713.5,737.7999877929688,737.3936767578125,50946823
2025-04-08,HSBA.L,738.7000122070312,747.0999755859375,724.572021484375,735.2000122070312,734.7951049804688,51920540
2025-04-09,HSBA.L,709.4000244140625,724.0999755859375,698.7000122070312,713.2000122070312,712.8071899414062,39115283
2025-04-10,HSBA.L,760.0,766.2000122070312,733.2999877929688,733.7000122070312,733.2959594726562,38982513
2025-04-11,HSBA.L,749.2000122070312,752.9000244140625,732.2999877929688,743.5,743.090576171875,66920622
2025-04-14,HSBA.L,762.7000122070312,770.9000244140625,757.9000244140625,770.9000244140625,770.4755249023438,19520753
2025-04-15,HSBA.L,769.0,784.0,767.0999755859375,783.5,783.0684814453125,19130783
2025-04-16,HSBA.L,769.7000122070312,792.7000122070312,769.7000122070312,787.7000122070312,787.2661743164062,38902067
2025-04-17,HSBA.L,787.0,792.0,781.5999755859375,789.0,788.5654907226562,25564627
2025-04-22,HSBA.L,791.2999877929688,800.2999877929688,788.0,800.2999877929688,799.8591918945312,24080789
2025-04-23,HSBA.L,829.9000244140625,847.7000122070312,827.5999755859375,845.2000122070312,844.734619140625,32269920
2025-04-24,HSBA.L,835.2000122070312,837.0,820.7000122070312,835.2000122070312,834.739990234375,27094256
2025-04-25,HSBA.L,832.7000122070312,834.9000244140625,824.7000122070312,834.0,833.5407104492188,37463850
2025-04-28,HSBA.L,831.5,837.7000122070312,830.7999877929688,833.7000122070312,833.240966796875,44853208
2025-04-29,HSBA.L,844.0,862.0,841.0999755859375,855.5999755859375,855.1287841796875,26126887
2025-04-30,HSBA.L,848.7999877929688,848.7999877929688,821.5,832.0,831.5418090820312,61730556
2025-05-01,HSBA.L,840.7999877929688,841.0,824.5999755859375,824.7000122070312,824.2457885742188,8103324
2025-05-02,HSBA.L,838.2999877929688,849.0850219726562,829.7999877929688,845.4000244140625,844.9344482421875,14245949
2025-05-06,HSBA.L,849.7000122070312,853.510009765625,833.4000244140625,846.5,846.0338134765625,39393593
2025-05-07,HSBA.L,849.9000244140625,851.7999877929688,838.9000244140625,843.2000122070312,842.7356567382812,45150921
2025-05-08,HSBA.L,841.2999877929688,846.7000122070312,835.2999877929688,843.5999755859375,843.2090454101562,22943988
2025-05-09,HSBA.L,851.0,852.7000122070312,846.7000122070312,849.2000122070312,848.8065185546875,14103346
2025-05-12,HSBA.L,862.0,889.469970703125,862.0,881.9000244140625,881.4913940429688,22458007
2025-05-13,HSBA.L,868.0,882.0,868.0,876.0999755859375,875.694091796875,24256726
2025-05-14,HSBA.L,873.5,878.0999755859375,856.7000122070312,871.0999755859375,870.6962890625,26793827
2025-05-15,HSBA.L,871.0,881.9000244140625,870.6199951171875,879.5,879.0924682617188,31126586
2025-05-16,HSBA.L,872.0999755859375,882.7999877929688,872.0999755859375,882.7999877929688,882.3909301757812,30265522
2025-05-19,HSBA.L,876.2000122070312,882.2000122070312,872.2999877929688,881.2999877929688,880.8916625976562,14766788
2025-05-20,HSBA.L,884.5,891.7000122070312,882.2000122070312,889.2000122070312,888.7880249023438,14569466
2025-05-21,HSBA.L,880.0,891.0,879.0999755859375,884.5999755859375,884.1900634765625,19722067
2025-05-22,HSBA.L,885.7000122070312,887.2000122070312,874.5,880.5999755859375,880.1920166015625,25527321
2025-05-23,HSBA.L,885.0999755859375,885.9000244140625,847.0,868.7999877929688,868.3974609375,26111325
2025-05-27,HSBA.L,873.5,877.0999755859375,866.5,867.4000244140625,866.9981079101562,12623383
2025-05-28,HSBA.L,866.5,872.9000244140625,865.0,865.4000244140625,864.9990844726562,14428953
2025-05-29,HSBA.L,877.0,878.9110107421875,870.0999755859375,871.4000244140625,870.9962768554688,19470077
2025-05-30,HSBA.L,868.0,880.4000244140625,868.0,873.2000122070312,872.79541015625,47295115
2025-06-02,HSBA.L,865.7999877929688,879.0,865.7999877929688,875.9000244140625,875.4942016601562,19382984
2025-06-03,HSBA.L,874.4000244140625,876.0999755859375,860.22998046875,875.7999877929688,875.3941650390625,16873055
2025-06-04,HSBA.L,877.0,880.4000244140625,870.2000122070312,872.5999755859375,872.1956787109375,17795899
2025-06-05,HSBA.L,873.9000244140625,879.2999877929688,869.4000244140625,873.4000244140625,872.9953002929688,14080862
2025-06-06,HSBA.L,874.5999755859375,883.9000244140625,872.7000122070312,881.7000122070312,881.29150390625,17220530
2025-06-09,HSBA.L,879.2999877929688,887.0,879.2000122070312,886.2000122070312,885.7894287109375,9799876
2025-06-10,HSBA.L,887.7000122070312,889.7999877929688,875.0,875.2000122070312,874.7945556640625,14056205
2025-06-11,HSBA.L,883.0,885.4000244140625,873.0,874.0,873.5950317382812,18698462
2025-06-12,HSBA.L,863.2999877929688,877.0999755859375,863.2999877929688,875.5,875.09423828125,19116818
2025-06-13,HSBA.L,864.0,870.2260131835938,859.4000244140625,866.5,866.0985107421875,17169948
2025-06-16,HSBA.L,867.2999877929688,877.2000122070312,865.0,875.5999755859375,875.1942138671875,13905144
2025-06-17,HSBA.L,866.0999755859375,869.4000244140625,862.447021484375,863.4000244140625,862.9999389648438,20393694
2025-06-18,HSBA.L,868.7999877929688,877.5999755859375,867.7999877929688,874.7000122070312,874.294677734375,24621848
2025-06-19,HSBA.L,868.4000244140625,872.5,863.9000244140625,864.4000244140625,863.99951171875,12085391
2025-06-20,HSBA.L,869.0,877.0,866.5,866.9000244140625,866.498291015625,38758234
2025-06-23,HSBA.L,870.2000122070312,870.7999877929688,860.2999877929688,860.2999877929688,859.9014282226562,14579422
2025-06-24,HSBA.L,885.7000122070312,887.0999755859375,879.0,886.4000244140625,885.9893188476562,19006709
2025-06-25,HSBA.L,894.9000244140625,895.4000244140625,885.7999877929688,890.0,889.5875854492188,17002277
2025-06-26,HSBA.L,888.9000244140625,889.0999755859375,875.5,875.5,875.09423828125,14114825
2025-06-27,HSBA.L,879.2999877929688,884.9500122070312,878.2000122070312,884.2999877929688,883.8901977539062,10567117
2025-06-30,HSBA.L,888.7000122070312,888.7000122070312,877.5,881.7999877929688,881.391357421875,17119058
2025-07-01,HSBA.L,881.7000122070312,883.4000244140625,867.2000122070312,870.5999755859375,870.1965942382812,9032401
2025-07-02,HSBA.L,884.2999877929688,891.9000244140625,880.5,885.2999877929688,884.8897094726562,21394590
2025-07-03,HSBA.L,887.0,887.4000244140625,880.0999755859375,884.7999877929688,884.3900756835938,14119669
2025-07-04,HSBA.L,884.0,887.0,880.2000122070312,885.9000244140625,885.4895629882812,5223757
2025-07-07,HSBA.L,891.7999877929688,896.0,889.0,893.7000122070312,893.285888671875,17323618
2025-07-08,HSBA.L,897.9000244140625,902.0,895.2999877929688,899.4000244140625,898.9832763671875,13258641
2025-07-09,HSBA.L,900.2999877929688,910.0999755859375,899.7999877929688,906.0999755859375,905.68017578125,15706147
2025-07-10,HSBA.L,911.2000122070312,920.0,906.7000122070312,920.0,919.57373046875,12701478
2025-07-11,HSBA.L,917.5999755859375,921.0,905.2999877929688,910.5,910.078125,12557833
2025-07-14,HSBA.L,916.5,925.2000122070312,911.0490112304688,923.0,922.572265625,12621910
2025-07-15,HSBA.L,924.5999755859375,930.2000122070312,918.4000244140625,919.5999755859375,919.173828125,14421861
2025-07-16,HSBA.L,928.5,929.2999877929688,918.4000244140625,918.4000244140625,917.9744873046875,13538376
2025-07-17,HSBA.L,929.5,934.7000122070312,925.2999877929688,932.7000122070312,932.267822265625,13462228
2025-07-18,HSBA.L,932.2999877929688,934.0999755859375,926.9000244140625,933.0,932.5676879882812,18707419
2025-07-21,HSBA.L,932.2000122070312,942.5,929.0999755859375,942.5,942.063232421875,20417553
2025-07-22,HSBA.L,941.2999877929688,947.4000244140625,939.2000122070312,943.9000244140625,943.462646484375,16914346
2025-07-23,HSBA.L,941.0,949.9000244140625,936.9990234375,948.2000122070312,947.7606811523438,16338862
2025-07-24,HSBA.L,957.4000244140625,968.60498046875,954.47998046875,960.9000244140625,960.454833984375,13057823
2025-07-25,HSBA.L,957.2000122070312,960.5759887695312,952.2999877929688,958.4000244140625,957.9559326171875,10304104
2025-07-28,HSBA.L,958.5999755859375,964.0999755859375,955.2999877929688,959.7999877929688,959.3552856445312,12621272
2025-07-29,HSBA.L,959.2000122070312,978.7899780273438,959.0999755859375,970.0,969.5504760742188,18609371
2025-07-30,HSBA.L,922.0,949.5,920.5,926.0,925.5709228515625,36229610
2025-07-31,HSBA.L,922.0,932.2080078125,918.2000122070312,922.7999877929688,922.3724365234375,19221044
2025-08-01,HSBA.L,920.2999877929688,930.2689819335938,908.7999877929688,917.9000244140625,917.4747314453125,20515990
2025-08-04,HSBA.L,922.4000244140625,929.9000244140625,920.2000122070312,924.2000122070312,923.7717895507812,24997049
2025-08-05,HSBA.L,926.2000122070312,932.2000122070312,922.2999877929688,925.0,924.5713500976562,14854667
2025-08-06,HSBA.L,929.7000122070312,936.4000244140625,927.5999755859375,934.2000122070312,933.7671508789062,23676486
2025-08-07,HSBA.L,943.5,944.7000122070312,932.4000244140625,934.2000122070312,933.7671508789062,20878998
2025-08-08,HSBA.L,929.5,939.2999877929688,927.7000122070312,939.2999877929688,938.86474609375,15550763
2025-08-11,HSBA.L,944.0,949.5,944.0,949.5,949.0599975585938,17436132
2025-08-12,HSBA.L,949.2000122070312,956.5,948.6699829101562,954.7000122070312,954.2576293945312,19884939
2025-08-13,HSBA.L,959.5,960.7000122070312,952.5,955.4000244140625,954.9573974609375,32025951
2025-08-14,HSBA.L,940.0,955.0,939.9000244140625,953.9000244140625,953.5314331054688,14352752
2025-08-15,HSBA.L,947.0999755859375,953.2999877929688,935.7999877929688,938.9000244140625,938.5372314453125,25240873
2025-08-18,HSBA.L,935.5999755859375,939.9000244140625,928.0999755859375,939.9000244140625,939.536865234375,39748110
2025-08-19,HSBA.L,940.4000244140625,948.5,939.0999755859375,944.7000122070312,944.3349609375,13258252
2025-08-20,HSBA.L,945.5999755859375,964.4000244140625,942.9000244140625,964.0999755859375,963.7274780273438,19731399
2025-08-21,HSBA.L,960.9000244140625,968.7000122070312,957.5,967.2999877929688,966.92626953125,13109615
2025-08-22,HSBA.L,967.5,972.4000244140625,965.5999755859375,967.2999877929688,966.92626953125,10967192
2025-08-26,HSBA.L,960.5,964.0999755859375,949.2999877929688,960.7000122070312,960.328857421875,50035992
2025-08-27,HSBA.L,961.0999755859375,964.5999755859375,951.0999755859375,954.2000122070312,953.8313598632812,16440045
2025-08-28,HSBA.L,955.4000244140625,959.0,952.0,955.7999877929688,955.4306640625,10650943
2025-08-29,HSBA.L,952.0,953.0,942.7999877929688,946.7000122070312,946.334228515625,21949401
2025-09-01,HSBA.L,947.5,954.6170043945312,946.5770263671875,953.5999755859375,953.2315063476562,8507247
2025-09-02,HSBA.L,953.0,957.0,946.5,946.5,946.1343383789062,16297718
2025-09-03,HSBA.L,948.0999755859375,958.5,946.2000122070312,954.7999877929688,954.4310302734375,19749274
2025-09-04,HSBA.L,952.0999755859375,962.7999877929688,949.5999755859375,961.4000244140625,961.028564453125,14119124
2025-09-05,HSBA.L,970.0,981.7999877929688,960.2000122070312,963.0,962.6279296875,19995092
2025-09-08,HSBA.L,963.4000244140625,970.9000244140625,960.5999755859375,969.7999877929688,969.4252319335938,14270323
2025-09-09,HSBA.L,967.7999877929688,979.0,964.2000122070312,979.0,978.6217041015625,23018289
2025-09-10,HSBA.L,990.0,999.0,985.0,996.7999877929688,996.4148559570312,25164805
2025-09-11,HSBA.L,1000.0,1011.7999877929688,997.7999877929688,1011.7999877929688,1011.4090576171875,31309384
2025-09-12,HSBA.L,1011.4000244140625,1012.0599975585938,1005.7999877929688,1007.0,1006.6109008789062,13702254
2025-09-15,HSBA.L,1015.7999877929688,1015.7999877929688,1008.4000244140625,1013.2000122070312,1012.8085327148438,27834908
2025-09-16,HSBA.L,1014.4000244140625,1015.2000122070312,999.7000122070312,1001.5999755859375,1001.2129516601562,31676336
2025-09-17,HSBA.L,1006.5999755859375,1018.0,1003.7999877929688,1014.7999877929688,1014.4078369140625,17301410
2025-09-18,HSBA.L,1014.7999877929688,1023.27001953125,1011.0,1018.7999877929688,1018.4063720703125,18697468
2025-09-19,HSBA.L,1022.7999877929688,1030.5999755859375,1014.2000122070312,1027.800048828125,1027.4029541015625,69619169
2025-09-22,HSBA.L,1026.0,1031.800048828125,1021.5999755859375,1031.5999755859375,1031.201416015625,15552133
2025-09-23,HSBA.L,1032.4000244140625,1045.199951171875,1030.5999755859375,1036.800048828125,1036.3995361328125,21629074
2025-09-24,HSBA.L,1028.199951171875,1040.4000244140625,1021.0,1037.199951171875,1036.79931640625,17202902
2025-09-25,HSBA.L,1024.0,1029.199951171875,1019.2000122070312,1025.199951171875,1024.8038330078125,26504526
2025-09-26,HSBA.L,1025.0,1041.8819580078125,1023.7999877929688,1038.800048828125,1038.3988037109375,18576509
2025-09-29,HSBA.L,1040.5999755859375,1049.5999755859375,1040.0,1040.0,1039.59814453125,17737370
2025-09-30,HSBA.L,1044.800048828125,1051.0,1040.4000244140625,1045.0,1044.59619140625,27347228
2025-10-01,HSBA.L,1043.0,1057.0,1041.0,1050.800048828125,1050.39404296875,39206708
2025-10-02,HSBA.L,1055.0,1059.800048828125,1043.5999755859375,1043.5999755859375,1043.19677734375,15501057
2025-10-03,HSBA.L,1048.800048828125,1064.4000244140625,1048.800048828125,1061.800048828125,1061.3897705078125,12222495
2025-10-06,HSBA.L,1064.0,1067.800048828125,1054.800048828125,1057.0,1056.591552734375,13155817
2025-10-07,HSBA.L,1053.800048828125,1059.4000244140625,1047.199951171875,1050.0,1049.5943603515625,12102834
2025-10-08,HSBA.L,1050.5999755859375,1067.4000244140625,1049.800048828125,1066.0,1065.5880126953125,13581808
2025-10-09,HSBA.L,999.9000244140625,1025.0,990.4000244140625,1008.5999755859375,1008.2102661132812,55784487
2025-10-10,HSBA.L,992.0,1008.4000244140625,991.5,993.9000244140625,993.5159912109375,24770338
2025-10-13,HSBA.L,986.7000122070312,995.9000244140625,984.0,992.0999755859375,991.7166137695312,36635020
2025-10-14,HSBA.L,987.9000244140625,999.2999877929688,979.0,996.2000122070312,995.8150634765625,16883442
2025-10-15,HSBA.L,998.0,1002.0,988.7000122070312,988.7000122070312,988.3179931640625,19080476
2025-10-16,HSBA.L,983.9000244140625,992.3499755859375,983.4000244140625,989.0999755859375,988.7178344726562,19988801
2025-10-17,HSBA.L,974.0,979.0,959.2860107421875,964.2999877929688,963.9273681640625,34438548
2025-10-20,HSBA.L,988.0,988.0,963.9000244140625,969.7999877929688,969.4252319335938,28094856
2025-10-21,HSBA.L,990.2000122070312,991.5,982.7000122070312,985.0,984.6194458007812,20782243
2025-10-22,HSBA.L,988.7999877929688,996.6430053710938,986.7999877929688,991.0999755859375,990.717041015625,34911896
2025-10-23,HSBA.L,990.7000122070312,998.2000122070312,987.2000122070312,992.7999877929688,992.4163208007812,9226736
2025-10-24,HSBA.L,999.0999755859375,1005.0,989.6959838867188,1004.0,1003.612060546875,23420356
2025-10-27,HSBA.L,979.9000244140625,1004.7999877929688,979.7999877929688,1004.0,1003.612060546875,20138478
2025-10-28,HSBA.L,1032.5999755859375,1050.800048828125,1025.4000244140625,1050.199951171875,1049.794189453125,39662605
2025-10-29,HSBA.L,1057.4000244140625,1073.4000244140625,1056.199951171875,1073.4000244140625,1072.9852294921875,34404972
2025-10-30,HSBA.L,1059.0,1073.074951171875,1054.4000244140625,1069.800048828125,1069.38671875,57197819
2025-10-31,HSBA.L,1058.800048828125,1063.4000244140625,1053.199951171875,1063.4000244140625,1062.9892578125,30043594
2025-11-03,HSBA.L,1060.199951171875,1071.071044921875,1060.199951171875,1069.0,1068.5870361328125,31605934
2025-11-04,HSBA.L,1065.800048828125,1075.0,1051.0,1075.0,1074.5845947265625,18548038
2025-11-05,HSBA.L,1068.199951171875,1087.800048828125,1066.4000244140625,1085.800048828125,1085.3804931640625,48668461
2025-11-06,HSBA.L,1091.4000244140625,1099.4000244140625,1085.800048828125,1088.800048828125,1088.45458984375,20937878
2025-11-07,HSBA.L,1082.199951171875,1087.4000244140625,1067.4000244140625,1070.800048828125,1070.4603271484375,15947148
2025-11-10,HSBA.L,1087.0,1090.0,1077.4000244140625,1089.0,1088.654541015625,29367426
2025-11-11,HSBA.L,1098.800048828125,1102.5999755859375,1093.5999755859375,1099.4000244140625,1099.05126953125,50198780
2025-11-12,HSBA.L,1111.0,1119.5999755859375,1107.5999755859375,1117.4000244140625,1117.0455322265625,22563979
2025-11-13,HSBA.L,1120.0,1126.199951171875,1115.4000244140625,1120.0,1119.6446533203125,18564403
2025-11-14,HSBA.L,1105.199951171875,1108.5999755859375,1087.800048828125,1104.4000244140625,1104.0496826171875,15838483
2025-11-17,HSBA.L,1093.0,1104.199951171875,1089.4000244140625,1093.4000244140625,1093.0531005859375,19457711
2025-11-18,HSBA.L,1069.4000244140625,1074.800048828125,1044.0999755859375,1056.0,1055.6650390625,30842126
2025-11-19,HSBA.L,1055.199951171875,1055.5999755859375,1045.0,1047.5999755859375,1047.2677001953125,23028425
2025-11-20,HSBA.L,1060.4000244140625,1061.0050048828125,1041.4000244140625,1044.4000244140625,1044.068603515625,18437032
2025-11-21,HSBA.L,1031.4000244140625,1041.4000244140625,1027.800048828125,1041.4000244140625,1041.0697021484375,23467600
2025-11-24,HSBA.L,1051.5999755859375,1058.4000244140625,1043.5999755859375,1048.0,1047.6676025390625,46402510
2025-11-25,HSBA.L,1049.5999755859375,1055.5999755859375,1040.800048828125,1050.5999755859375,1050.2666015625,17698053
2025-11-26,HSBA.L,1047.800048828125,1066.199951171875,1047.800048828125,1064.4000244140625,1064.0623779296875,35711938
2025-11-27,HSBA.L,1061.0,1066.4000244140625,1059.0,1065.0,1064.662109375,22059489
2025-11-28,HSBA.L,1064.0,1074.0,1061.4000244140625,1070.199951171875,1069.8603515625,11338813
2025-12-01,HSBA.L,1074.4000244140625,1080.800048828125,1067.4000244140625,1079.5999755859375,1079.2574462890625,15364889
2025-12-02,HSBA.L,1080.5999755859375,1090.199951171875,1078.4000244140625,1087.800048828125,1087.454833984375,11188925
2025-12-03,HSBA.L,1082.199951171875,1083.199951171875,1069.4000244140625,1070.199951171875,1069.8603515625,13763900
2025-12-04,HSBA.L,1076.199951171875,1077.800048828125,1067.800048828125,1074.4000244140625,1074.0592041015625,12431340
2025-12-05,HSBA.L,1075.800048828125,1076.4000244140625,1062.0,1062.0,1061.6630859375,10538178
2025-12-08,HSBA.L,1049.800048828125,1065.7459716796875,1049.199951171875,1064.5999755859375,1064.26220703125,14089393
2025-12-09,HSBA.L,1058.4000244140625,1068.199951171875,1056.0,1068.0,1067.6611328125,14459901
2025-12-10,HSBA.L,1083.0,1105.5999755859375,1068.0,1102.199951171875,1101.850341796875,37977483
2025-12-11,HSBA.L,1097.0,1112.5999755859375,1095.4000244140625,1112.5999755859375,1112.2469482421875,15570442
2025-12-12,HSBA.L,1128.199951171875,1134.5999755859375,1108.199951171875,1111.800048828125,1111.4473876953125,15170467
2025-12-15,HSBA.L,1117.4000244140625,1128.800048828125,1116.800048828125,1124.800048828125,1124.4432373046875,13943415
2025-12-16,HSBA.L,1115.5999755859375,1122.0,1106.4000244140625,1111.800048828125,1111.4473876953125,18247185
2025-12-17,HSBA.L,1133.5999755859375,1159.800048828125,1124.5999755859375,1141.800048828125,1141.4378662109375,30213047
2025-12-18,HSBA.L,1139.5999755859375,1150.4000244140625,1133.5999755859375,1150.4000244140625,1150.0350341796875,28049337
2025-12-19,HSBA.L,1151.5999755859375,1167.0,1147.0,1167.0,1166.6297607421875,67934094
2025-12-22,HSBA.L,1162.199951171875,1171.800048828125,1159.199951171875,1167.199951171875,1166.82958984375,11365505
2025-12-23,HSBA.L,1165.0,1178.4000244140625,1162.4000244140625,1175.199951171875,1174.8271484375,22629381
2025-12-24,HSBA.L,1177.4000244140625,1179.4000244140625,1171.0,1175.4000244140625,1175.0272216796875,15865201
2025-12-29,HSBA.L,1163.5999755859375,1174.800048828125,1163.199951171875,1166.0,1165.630126953125,13441395
2025-12-30,HSBA.L,1171.5999755859375,1181.199951171875,1168.0,1175.5999755859375,1175.2269287109375,18567249
2025-12-31,HSBA.L,1168.5999755859375,1177.0,1168.4000244140625,1173.800048828125,1173.4276123046875,4149720
2025-01-02,GSK.L,1345.0,1370.0,1342.0,1361.5,1360.686279296875,4493694
2025-01-03,GSK.L,1363.5,1368.0,1337.5,1340.0,1339.19921875,3512906
2025-01-06,GSK.L,1339.0,1349.5,1326.0,1349.5,1348.6934814453125,15496097
2025-01-07,GSK.L,1347.0,1366.5,1336.5,1357.5,1356.6888427734375,5802616
2025-01-08,GSK.L,1356.5,1362.5,1342.5,1360.0,1359.187255859375,3762536
2025-01-09,GSK.L,1355.0,1361.5,1348.5,1349.5,1348.6934814453125,4770209
2025-01-10,GSK.L,1345.0,1357.0,1343.5,1349.5,1348.6934814453125,4789106
2025-01-13,GSK.L,1338.0,1342.5,1329.0,1331.0,1330.20458984375,5573791
2025-01-14,GSK.L,1329.5,1331.5,1289.0,1293.5,1292.72705078125,8300847
2025-01-15,GSK.L,1307.0,1328.0,1304.0,1327.5,1326.7066650390625,7776415
2025-01-16,GSK.L,1332.5,1349.0,1332.0,1348.5,1347.694091796875,5918138
2025-01-17,GSK.L,1366.0,1376.875,1355.5,1359.0,1358.18798828125,10274549
2025-01-20,GSK.L,1356.5,1369.31494140625,1352.0,1354.0,1353.1907958984375,3752890
2025-01-21,GSK.L,1354.0,1362.5,1347.77197265625,1358.5,1357.6881103515625,4656261
2025-01-22,GSK.L,1359.0,1362.5,1346.385009765625,1355.5,1354.6900634765625,3749460
2025-01-23,GSK.L,1353.0,1367.5,1353.0,1363.5,1362.685302734375,11974199
2025-01-24,GSK.L,1365.0,1370.2049560546875,1353.0,1356.5,1355.6895751953125,5012275
2025-01-27,GSK.L,1365.0,1406.5350341796875,1365.0,1402.0,1401.162109375,9362065
2025-01-28,GSK.L,1402.0,1416.0,1387.5,1387.5,1386.6710205078125,8877682
2025-01-29,GSK.L,1387.5,1403.0,1379.0,1400.5,1399.6630859375,13830830
2025-01-30,GSK.L,1392.5,1402.0,1382.0,1402.0,1401.162109375,6672399
2025-01-31,GSK.L,1404.0,1411.0,1399.2049560546875,1405.0,1404.1605224609375,13746432
2025-02-03,GSK.L,1400.5,1406.5,1388.0,1398.5,1397.664306640625,5853806
2025-02-04,GSK.L,1387.5,1400.2750244140625,1359.5,1380.0,1379.17529296875,15530678
2025-02-05,GSK.L,1435.0,1490.5,1430.5,1485.0,1484.1126708984375,14173830
2025-02-06,GSK.L,1500.0,1504.989990234375,1476.0,1479.5,1478.615966796875,10080597
2025-02-07,GSK.L,1440.0,1474.5,1438.050048828125,1443.0,1442.1375732421875,13504243
2025-02-10,GSK.L,1444.5,1478.5,1441.0,1465.5,1464.624267578125,5809349
2025-02-11,GSK.L,1463.0,1468.5,1439.0,1443.5,1442.6375732421875,5472759
2025-02-12,GSK.L,1435.0,1447.54296875,1422.0,1445.0,1444.136474609375,6392034
2025-02-13,GSK.L,1448.5,1450.0,1433.5,1444.5,1443.636962890625,6461439
2025-02-14,GSK.L,1439.0,1441.5,1431.0,1435.0,1434.1424560546875,5980999
2025-02-17,GSK.L,1433.5,1433.5040283203125,1406.0,1419.5,1418.651611328125,4423734
2025-02-18,GSK.L,1420.0,1449.5,1415.5,1443.0,1442.1375732421875,6033704
2025-02-19,GSK.L,1443.0,1447.0,1435.0,1437.5,1436.6409912109375,5496067
2025-02-20,GSK.L,1425.5,1448.0,1413.5,1447.0,1446.296142578125,11416014
2025-02-21,GSK.L,1419.0,1437.5,1402.47998046875,1429.0,1428.3050537109375,10600239
2025-02-24,GSK.L,1449.0,1459.5,1440.739990234375,1452.5,1451.79345703125,5069844
2025-02-25,GSK.L,1452.5,1489.5,1452.0,1483.5,1482.7784423828125,12448479
2025-02-26,GSK.L,1496.5,1501.0,1463.5,1467.0,1466.2864990234375,13553338
2025-02-27,GSK.L,1446.5,1464.5,1445.0,1461.0,1460.28955078125,8180457
2025-02-28,GSK.L,1462.5,1478.5,1460.0,1466.5,1465.786865234375,18309624
2025-03-03,GSK.L,1468.5,1501.0,1467.5,1479.5,1478.780517578125,6544613
2025-03-04,GSK.L,1474.0,1524.5,1472.0,1509.0,1508.2662353515625,9446777
2025-03-05,GSK.L,1487.5,1495.0,1474.5040283203125,1483.0,1482.2786865234375,7701162
2025-03-06,GSK.L,1482.0,1507.5,1474.0,1500.5,1499.770263671875,10557852
2025-03-07,GSK.L,1506.0,1540.0,1496.5,1534.0,1533.2540283203125,8914164
2025-03-10,GSK.L,1529.0,1560.5,1527.5,1558.5,1557.741943359375,26729072
2025-03-11,GSK.L,1547.5,1558.5,1505.5,1516.0,1515.2626953125,13728194
2025-03-12,GSK.L,1516.5,1523.5,1485.0,1490.0,1489.2752685546875,9995623
2025-03-13,GSK.L,1490.0,1508.5,1484.5,1499.0,1498.27099609375,11176848
2025-03-14,GSK.L,1499.5,1514.0,1495.5,1511.0,1510.26513671875,7108865
2025-03-17,GSK.L,1515.0,1537.5,1509.0,1536.0,1535.2529296875,6922581
2025-03-18,GSK.L,1538.0,1541.5,1528.5,1531.5,1530.7552490234375,8141666
2025-03-19,GSK.L,1518.5,1525.4530029296875,1492.0,1505.0,1504.2679443359375,10068477
2025-03-20,GSK.L,1503.0,1522.5,1500.5,1511.0,1510.26513671875,13843851
2025-03-21,GSK.L,1514.0,1529.5,1504.5,1509.0,1508.2662353515625,20824917
2025-03-24,GSK.L,1517.0,1517.0,1480.9219970703125,1485.0,1484.27783203125,7647400
2025-03-25,GSK.L,1487.5,1512.5,1485.5,1486.0,1485.27734375,9504295
2025-03-26,GSK.L,1483.0,1484.0,1454.31103515625,1475.5,1474.7823486328125,6531939
2025-03-27,GSK.L,1473.0,1482.625,1464.5,1477.5,1476.7813720703125,5389968
2025-03-28,GSK.L,1478.0,1491.5,1475.3499755859375,1488.5,1487.7760009765625,5749188
2025-03-31,GSK.L,1479.0,1483.0,1453.0,1462.0,1461.2890625,9532133
2025-04-01,GSK.L,1496.5,1497.5,1465.0,1469.0,1468.28564453125,8622454
2025-04-02,GSK.L,1440.5,1449.5,1414.0,1433.5,1432.8028564453125,7781741
2025-04-03,GSK.L,1442.5,1486.5,1442.5,1465.5,1464.7872314453125,12590773
2025-04-04,GSK.L,1459.5,1469.5,1413.0,1417.5,1416.8106689453125,10584485
2025-04-07,GSK.L,1377.5,1381.5,1324.0,1331.5,1330.8524169921875,20251028
2025-04-08,GSK.L,1337.5,1361.5,1325.0,1340.5,1339.84814453125,17967315
2025-04-09,GSK.L,1295.5,1309.5,1242.5,1264.0,1263.38525390625,19854588
2025-04-10,GSK.L,1324.0,1336.5,1275.0,1275.0,1274.3798828125,17010637
2025-04-11,GSK.L,1279.5,1300.0,1267.779052734375,1294.0,1293.37060546875,18823224
2025-04-14,GSK.L,1314.5,1328.5,1294.0,1322.5,1321.8568115234375,9809611
2025-04-15,GSK.L,1327.0,1355.0,1326.0,1346.0,1345.3455810546875,7277404
2025-04-16,GSK.L,1335.5,1352.0,1327.0,1345.5,1344.8455810546875,6578428
2025-04-17,GSK.L,1332.0,1338.0,1263.5,1336.5,1335.85009765625,26509202
2025-04-22,GSK.L,1351.0,1363.0,1329.5,1362.0,1361.3375244140625,15059103
2025-04-23,GSK.L,1370.0,1389.0,1360.5,1379.0,1378.3292236328125,11614773
2025-04-24,GSK.L,1392.5,1396.009033203125,1373.0,1394.0,1393.3218994140625,9805681
2025-04-25,GSK.L,1394.0,1398.0,1381.0,1389.0,1388.324462890625,7504582
2025-04-28,GSK.L,1396.0,1413.5989990234375,1394.0,1409.0,1408.3148193359375,5335649
2025-04-29,GSK.L,1426.5,1435.5,1404.0,1432.0,1431.3035888671875,9851339
2025-04-30,GSK.L,1450.5,1505.5,1427.5,1483.5,1482.7784423828125,15145047
2025-05-01,GSK.L,1468.5,1479.5,1450.5,1463.0,1462.2884521484375,5518378
2025-05-02,GSK.L,1450.0,1478.5,1447.0,1448.5,1447.7955322265625,7904765
2025-05-06,GSK.L,1450.5,1470.0,1439.5,1450.0,1449.294921875,5967410
2025-05-07,GSK.L,1390.0,1404.5,1373.5,1379.0,1378.3292236328125,8343337
2025-05-08,GSK.L,1367.5,1384.0,1356.4000244140625,1364.0,1363.3365478515625,8730270
2025-05-09,GSK.L,1379.5,1389.56201171875,1367.5,1377.5,1376.8299560546875,6894239
2025-05-12,GSK.L,1340.0,1405.5,1328.5,1399.5,1398.8194580078125,10821571
2025-05-13,GSK.L,1408.5,1412.0,1355.0,1358.0,1357.339599609375,8414733
2025-05-14,GSK.L,1355.0,1384.5,1354.56005859375,1360.0,1359.3385009765625,7977140
2025-05-15,GSK.L,1338.0,1365.0,1337.0,1362.5,1361.99755859375,6957104
2025-05-16,GSK.L,1388.5,1403.5,1380.5,1394.5,1393.98583984375,9853322
2025-05-19,GSK.L,1395.5,1404.0,1387.0,1396.5,1395.985107421875,11004991
2025-05-20,GSK.L,1405.5,1427.0,1401.0,1415.5,1414.97802734375,7106313
2025-05-21,GSK.L,1422.5,1435.0,1417.5,1430.0,1429.47265625,6028115
2025-05-22,GSK.L,1427.0,1445.0,1416.5,1428.5,1427.973388671875,7562460
2025-05-23,GSK.L,1441.0,1448.0,1418.5,1425.5,1424.9744873046875,6000623
2025-05-27,GSK.L,1436.0,1463.301025390625,1436.0,1448.0,1447.466064453125,7238131
2025-05-28,GSK.L,1444.5,1456.5,1437.31396484375,1446.5,1445.9666748046875,6234036
2025-05-29,GSK.L,1451.0,1459.0,1434.0,1456.0,1455.463134765625,6679720
2025-05-30,GSK.L,1463.5,1517.0,1459.0,1507.0,1506.4443359375,23132350
2025-06-02,GSK.L,1513.0,1527.0,1506.5,1517.0,1516.4405517578125,9108119
2025-06-03,GSK.L,1512.5,1518.5,1475.75,1485.0,1484.452392578125,9061321
2025-06-04,GSK.L,1483.5,1501.0,1476.5,1494.0,1493.448974609375,5213601
2025-06-05,GSK.L,1500.0,1513.0,1492.5,1512.0,1511.442626953125,6136545
2025-06-06,GSK.L,1509.5,1521.5,1504.0,1513.0,1512.442138671875,7337013
2025-06-09,GSK.L,1512.5,1517.074951171875,1503.5,1509.0,1508.4437255859375,3847004
2025-06-10,GSK.L,1500.5,1512.0,1491.5,1508.5,1507.94384765625,17136734
2025-06-11,GSK.L,1516.0,1528.5,1508.0,1523.0,1522.4384765625,15815612
2025-06-12,GSK.L,1525.5,1557.0,1523.5,1549.5,1548.9287109375,7395989
2025-06-13,GSK.L,1536.5,1554.5,1509.0,1511.5,1510.942626953125,9549960
2025-06-16,GSK.L,1498.5,1507.0,1485.0,1485.5,1484.9522705078125,9117271
2025-06-17,GSK.L,1482.5,1485.5,1464.8599853515625,1480.0,1479.454345703125,12363192
2025-06-18,GSK.L,1464.5,1470.5,1443.5,1449.5,1448.9654541015625,8649492
2025-06-19,GSK.L,1432.5,1443.93603515625,1424.0,1435.0,1434.470947265625,5124382
2025-06-20,GSK.L,1440.5,1445.5,1400.0,1402.5,1401.98291015625,24023738
2025-06-23,GSK.L,1401.0,1415.5,1398.0,1403.0,1402.482666015625,10650109
2025-06-24,GSK.L,1410.0,1423.5,1403.3599853515625,1410.0,1409.4801025390625,13353271
2025-06-25,GSK.L,1405.5,1414.9169921875,1394.5,1394.5,1393.98583984375,6551029
2025-06-26,GSK.L,1395.5,1405.5,1389.5,1395.0,1394.4857177734375,12916831
2025-06-27,GSK.L,1393.5,1411.5,1393.5,1405.5,1404.9818115234375,4971977
2025-06-30,GSK.L,1394.5,1406.0,1385.0,1390.0,1389.4874267578125,8874664
2025-07-01,GSK.L,1385.0,1415.5,1383.8599853515625,1412.5,1411.9791259765625,11687307
2025-07-02,GSK.L,1411.5,1415.5789794921875,1402.5,1409.5,1408.980224609375,12624524
2025-07-03,GSK.L,1405.5,1413.0,1380.5,1394.0,1393.4859619140625,7926084
2025-07-04,GSK.L,1390.0,1416.0,1388.0,1405.0,1404.48193359375,4005881
2025-07-07,GSK.L,1401.5,1405.5,1387.0,1395.5,1394.9853515625,5518641
2025-07-08,GSK.L,1392.0,1417.5,1388.0,1414.0,1413.478515625,6247440
2025-07-09,GSK.L,1407.0,1430.5,1403.5,1425.0,1424.4744873046875,7848611
2025-07-10,GSK.L,1429.0,1462.5,1429.0,1454.5,1453.963623046875,7057049
2025-07-11,GSK.L,1455.5,1457.0,1405.0,1408.5,1407.9805908203125,8542394
2025-07-14,GSK.L,1407.0,1426.0040283203125,1405.5,1424.5,1423.974853515625,6480862
2025-07-15,GSK.L,1419.5,1495.5,1401.5,1402.5,1401.98291015625,13459931
2025-07-16,GSK.L,1403.0,1431.5,1398.0,1421.5,1420.975830078125,7539555
2025-07-17,GSK.L,1410.0,1422.0,1403.0,1413.0,1412.47900390625,9609826
2025-07-18,GSK.L,1320.0,1361.5,1315.0,1348.0,1347.5029296875,17187294
2025-07-21,GSK.L,1351.68603515625,1358.5,1337.0,1344.0,1343.50439453125,7097180
2025-07-22,GSK.L,1343.5,1359.5,1337.5,1347.5,1347.003173828125,6468572
2025-07-23,GSK.L,1370.0,1377.1280517578125,1364.5,1371.5,1370.994384765625,9105955
2025-07-24,GSK.L,1377.0,1404.0,1374.0,1390.5,1389.9874267578125,8056479
2025-07-25,GSK.L,1392.0,1407.219970703125,1386.5,1392.5,1391.9864501953125,4945598
2025-07-28,GSK.L,1417.5,1419.0,1391.0,1398.0,1397.4844970703125,7412838
2025-07-29,GSK.L,1394.0,1406.0,1385.0,1397.0,1396.48486328125,7579505
2025-07-30,GSK.L,1424.5,1464.0,1385.5,1462.5,1461.960693359375,11478290
2025-07-31,GSK.L,1459.5,1462.0,1404.5,1418.0,1417.4771728515625,14502769
2025-08-01,GSK.L,1388.0,1413.5,1388.0,1396.5,1395.985107421875,8562116
2025-08-04,GSK.L,1402.5,1405.5,1383.5,1398.5,1397.9842529296875,7424856
2025-08-05,GSK.L,1412.5,1413.5,1387.5,1397.0,1396.48486328125,6715381
2025-08-06,GSK.L,1395.0,1397.5,1371.5,1373.0,1372.4937744140625,7134923
2025-08-07,GSK.L,1362.0,1386.0,1360.5,1383.0,1382.4901123046875,9345794
2025-08-08,GSK.L,1400.0,1407.0,1389.5,1395.5,1394.9853515625,5056069
2025-08-11,GSK.L,1401.0,1418.5,1400.0,1404.0,1403.4822998046875,4395748
2025-08-12,GSK.L,1401.5,1406.0,1395.5,1404.5,1403.982177734375,7158994
2025-08-13,GSK.L,1414.0,1435.0,1411.5,1435.0,1434.470947265625,4772357
2025-08-14,GSK.L,1415.5,1417.0,1401.5,1415.0,1414.635986328125,4704302
2025-08-15,GSK.L,1428.0,1431.5,1414.5,1425.0,1424.6334228515625,8992195
2025-08-18,GSK.L,1437.5,1447.927978515625,1433.0,1439.0,1438.6298828125,5767809
2025-08-19,GSK.L,1436.0,1453.0,1430.0,1451.5,1451.1265869140625,8101395
2025-08-20,GSK.L,1458.0,1494.0,1450.5,1482.5,1482.1187744140625,13331992
2025-08-21,GSK.L,1475.5,1492.5,1288.60498046875,1492.5,1492.115966796875,4636770
2025-08-22,GSK.L,1481.5,1499.0,1479.0,1479.5,1479.1195068359375,4401733
2025-08-26,GSK.L,1468.5,1488.5,1460.0,1469.5,1469.1219482421875,15274673
2025-08-27,GSK.L,1478.5,1484.5,1470.5,1477.0,1476.6201171875,11955010
2025-08-28,GSK.L,1478.5,1481.5,1459.5,1459.5,1459.1246337890625,3617505
2025-08-29,GSK.L,1455.5,1462.0,1447.0,1452.5,1452.1263427734375,10636697
2025-09-01,GSK.L,1465.5,1470.0,1441.7750244140625,1447.5,1447.127685546875,2801867
2025-09-02,GSK.L,1444.5,1470.0,1440.2900390625,1442.5,1442.12890625,6177183
2025-09-03,GSK.L,1449.0,1467.5,1444.5,1467.5,1467.12255859375,6540257
2025-09-04,GSK.L,1456.5,1473.0,1450.0,1469.0,1468.6221923828125,4924082
2025-09-05,GSK.L,1469.5,1478.0,1462.5,1476.0,1475.6202392578125,8162820
2025-09-08,GSK.L,1486.0,1489.0,1445.0,1464.5,1464.1234130859375,4123913
2025-09-09,GSK.L,1471.5,1492.64501953125,1468.5,1491.0,1490.616455078125,5966699
2025-09-10,GSK.L,1493.5,1501.1099853515625,1480.5,1488.0,1487.6173095703125,7155115
2025-09-11,GSK.L,1492.5,1519.0,1492.0,1517.5,1517.109619140625,4628092
2025-09-12,GSK.L,1516.5,1531.0,1466.550048828125,1503.5,1503.11328125,5918386
2025-09-15,GSK.L,1504.0,1506.0,1476.0,1479.0,1478.6195068359375,13702131
2025-09-16,GSK.L,1470.5,1485.1090087890625,1461.0,1463.0,1462.6236572265625,6629720
2025-09-17,GSK.L,1464.0,1479.0,1460.0,1473.5,1473.1209716796875,7093080
2025-09-18,GSK.L,1477.0,1481.0,1463.5,1473.0,1472.62109375,4173385
2025-09-19,GSK.L,1480.5,1506.0,1476.5,1496.5,1496.1151123046875,12382635
2025-09-22,GSK.L,1502.0,1514.5,1491.0,1511.0,1510.611328125,3121100
2025-09-23,GSK.L,1507.0,1512.0,1489.0,1494.0,1493.6156005859375,4434259
2025-09-24,GSK.L,1497.5,1497.5,1477.5,1485.0,1484.6180419921875,3729139
2025-09-25,GSK.L,1479.0,1496.5,1470.0,1470.5,1470.1217041015625,10050952
2025-09-26,GSK.L,1460.5,1495.5,1455.0,1486.0,1485.6177978515625,7059845
2025-09-29,GSK.L,1525.0,1544.1600341796875,1495.0,1518.0,1517.6094970703125,10796177
2025-09-30,GSK.L,1528.0,1592.5,1520.5,1574.5,1574.0950927734375,15239081
2025-10-01,GSK.L,1600.0,1672.1400146484375,1590.5,1671.5,1671.070068359375,19599004
2025-10-02,GSK.L,1675.5,1684.5,1637.0,1647.0,1646.5762939453125,18482205
2025-10-03,GSK.L,1630.0,1651.5,1595.5,1628.5,1628.0811767578125,23609726
2025-10-06,GSK.L,1600.0,1626.0,1592.5,1616.0,1615.5843505859375,10331194
2025-10-07,GSK.L,1600.0,1614.5,1597.0,1614.5,1614.084716796875,6500501
2025-10-08,GSK.L,1612.0,1631.5,1610.0,1620.5,1620.0831298828125,6702998
2025-10-09,GSK.L,1626.0,1647.5,1625.0,1640.0,1639.5780029296875,7883091
2025-10-10,GSK.L,1627.0,1647.0,1622.5,1625.0,1624.5819091796875,6735576
2025-10-13,GSK.L,1623.5,1633.5,1614.5,1627.5,1627.081298828125,5558662
2025-10-14,GSK.L,1628.0,1649.5,1624.0,1637.5,1637.0787353515625,4670763
2025-10-15,GSK.L,1630.5,1634.5,1608.0,1628.0,1627.5811767578125,6560534
2025-10-16,GSK.L,1635.5,1639.0,1621.5,1634.0,1633.5797119140625,6296821
2025-10-17,GSK.L,1610.5,1625.0,1597.0,1625.0,1624.5819091796875,7131638
2025-10-20,GSK.L,1622.0,1637.5,1614.5,1633.5,1633.079833984375,6263717
2025-10-21,GSK.L,1640.0,1652.0,1633.5,1645.5,1645.07666015625,5509794
2025-10-22,GSK.L,1623.0,1658.0,1623.0,1652.5,1652.0748291015625,6030355
2025-10-23,GSK.L,1639.0,1657.5,1639.0,1646.5,1646.0765380859375,8038787
2025-10-24,GSK.L,1600.5,1639.0,1592.0,1620.0,1619.583251953125,10344071
2025-10-27,GSK.L,1631.5,1650.0,1631.0,1640.0,1639.5780029296875,8281626
2025-10-28,GSK.L,1624.5,1660.5,1624.5,1644.0,1643.5771484375,8085611
2025-10-29,GSK.L,1680.0,1764.0,1664.0,1752.0,1751.5494384765625,18434583
2025-10-30,GSK.L,1749.0,1784.0,1722.5,1783.0,1782.5413818359375,9998506
2025-10-31,GSK.L,1794.0,1794.0,1759.0,1780.5,1780.0419921875,7484230
2025-11-03,GSK.L,1782.5,1788.2080078125,1755.0,1757.0,1756.5479736328125,6675438
2025-11-04,GSK.L,1765.0,1791.0,1747.0,1789.5,1789.0396728515625,14469995
2025-11-05,GSK.L,1795.0,1799.0,1779.0,1788.0,1787.5400390625,8393764
2025-11-06,GSK.L,1788.0,1788.0,1769.0,1778.5,1778.04248046875,12858364
2025-11-07,GSK.L,1793.5,1793.5,1756.5,1768.5,1768.0450439453125,7168260
2025-11-10,GSK.L,1757.0,1779.5,1753.5,1772.0,1771.5443115234375,10820320
2025-11-11,GSK.L,1795.5,1826.0,1783.5,1824.5,1824.0306396484375,4414582
2025-11-12,GSK.L,1830.0,1830.0,1805.0,1823.5,1823.031005859375,6038708
2025-11-13,GSK.L,1811.5,1817.5,1793.9420166015625,1810.5,1810.1929931640625,6544853
2025-11-14,GSK.L,1805.5,1810.0,1777.0,1784.0,1783.6976318359375,7347901
2025-11-17,GSK.L,1781.5,1801.0,1779.0,1799.5,1799.195068359375,11567367
2025-11-18,GSK.L,1799.0,1805.5,1771.0,1787.0,1786.6971435546875,10583101
2025-11-19,GSK.L,1784.0,1788.0,1772.5,1772.5,1772.1995849609375,8033376
2025-11-20,GSK.L,1778.0,1783.0,1755.0,1760.5,1760.2015380859375,8550829
2025-11-21,GSK.L,1756.5,1788.0,1753.0,1788.0,1787.6968994140625,8672000
2025-11-24,GSK.L,1793.5,1794.178955078125,1774.5,1794.0,1793.6959228515625,22546181
2025-11-25,GSK.L,1789.5,1809.0,1778.0,1795.0,1794.69580078125,9012873
2025-11-26,GSK.L,1798.5,1820.0,1794.5,1814.0,1813.6925048828125,10807792
2025-11-27,GSK.L,1805.0,1812.0,1795.5,1802.0,1801.694580078125,8413945
2025-11-28,GSK.L,1809.5,1810.0,1785.5,1791.0,1790.6964111328125,4299804
2025-12-01,GSK.L,1790.5,1823.5,1783.0,1800.0,1799.69482421875,12683882
2025-12-02,GSK.L,1786.5,1828.0,1781.0,1819.0,1818.691650390625,8474628
2025-12-03,GSK.L,1835.0,1848.5,1830.0,1833.0,1832.6893310546875,9069137
2025-12-04,GSK.L,1827.5,1853.5,1818.5,1826.0,1825.6904296875,9014389
2025-12-05,GSK.L,1826.5,1833.5,1796.0,1805.0,1804.694091796875,4275805
2025-12-08,GSK.L,1812.5,1822.0,1802.5,1820.5,1820.19140625,5964836
2025-12-09,GSK.L,1821.0,1822.5,1779.5,1783.0,1782.69775390625,8160060
2025-12-10,GSK.L,1780.0,1808.0,1769.5,1803.5,1803.1943359375,6940562
2025-12-11,GSK.L,1805.0,1821.0,1792.5,1821.0,1820.69140625,8075614
2025-12-12,GSK.L,1816.5,1838.0,1815.0,1824.5,1824.190673828125,11917528
2025-12-15,GSK.L,1819.0,1838.5,1810.0,1833.5,1833.189208984375,10789793
2025-12-16,GSK.L,1844.5,1850.0,1815.864013671875,1819.5,1819.191650390625,7637179
2025-12-17,GSK.L,1826.0,1850.5,1823.5,1833.5,1833.189208984375,10914671
2025-12-18,GSK.L,1817.5,1824.0,1797.5,1812.5,1812.1927490234375,7353127
2025-12-19,GSK.L,1805.0,2057.699951171875,1798.5,1822.0,1821.691162109375,20122460
2025-12-22,GSK.L,1808.5,1820.5,1803.5,1810.0,1809.6932373046875,6968260
2025-12-23,GSK.L,1809.5,1823.0,1804.5,1814.5,1814.1923828125,5327391
2025-12-24,GSK.L,1803.5,1806.0,1793.0,1805.5,1805.1939697265625,1462315
2025-12-29,GSK.L,1815.5,1824.0,1809.8380126953125,1823.0,1822.69091796875,3648254
2025-12-30,GSK.L,1815.0,1835.5,1812.5,1830.5,1830.189697265625,3231953
2025-12-31,GSK.L,1833.5,1835.3599853515625,1824.0,1824.5,1824.190673828125,2468549
2025-01-02,RIO.L,4769.0,4786.0,4719.15380859375,4764.0,4759.91259765625,1378596.0
2025-01-03,RIO.L,4753.0,4759.5,4686.0,4698.0,4693.96923828125,1861960.0
2025-01-06,RIO.L,4690.0,4740.5,4635.5,4713.5,4709.4560546875,9429245.0
2025-01-07,RIO.L,4642.0,4719.5,4628.5,4665.5,4661.49755859375,1996022.0
2025-01-08,RIO.L,4672.0,4721.5,4644.5,4721.5,4717.44921875,1579174.0
2025-01-09,RIO.L,4747.5,4855.0390625,4744.0,4806.0,4801.87646484375,1686370.0
2025-01-10,RIO.L,4850.5,4861.0,4810.0,4818.0,4813.86669921875,1265914.0
2025-01-13,RIO.L,4811.0,4897.5,4810.0,4885.0,4880.80859375,3145836.0
2025-01-14,RIO.L,4935.0,4978.0,4905.0,4918.0,4913.7802734375,3059642.0
2025-01-15,RIO.L,4933.5,4958.0,4926.5,4934.0,4929.7666015625,1954920.0
2025-01-16,RIO.L,4985.0,5028.10009765625,4917.5,4931.5,4927.26904296875,3073834.0
2025-01-17,RIO.L,4988.5,5055.0,4969.0,5041.0,5036.67529296875,4139375.0
2025-01-20,RIO.L,5015.0,5113.0,4991.0,5091.0,5086.63232421875,2680059.0
2025-01-21,RIO.L,5066.0,5090.0,5014.0,5023.0,5018.6904296875,2002448.0
2025-01-22,RIO.L,4997.5,5033.0,4967.5,5001.0,4996.70947265625,7243403.0
2025-01-23,RIO.L,4951.0,4973.6298828125,4925.5,4947.5,4943.25537109375,1965958.0
2025-01-24,RIO.L,5029.0,5082.0,4987.0,4987.0,4982.72119140625,2250164.0
2025-01-27,RIO.L,4922.0,4940.5,4879.0,4899.5,4895.29638671875,1636176.0
2025-01-28,RIO.L,4903.0,4906.5,4813.0,4813.0,4808.8701171875,5040415.0
2025-01-29,RIO.L,4796.5,4845.0,4783.0,4845.0,4840.84326171875,1806415.0
2025-01-30,RIO.L,4827.0,4885.0,4814.0,4861.0,4856.82958984375,1964538.0
2025-01-31,RIO.L,4885.0,4908.5,4854.5,4891.0,4886.8037109375,2169062.0
2025-02-03,RIO.L,4775.5,4843.0,4765.0,4835.5,4831.3515625,5476234.0
2025-02-04,RIO.L,4875.0,4894.0,4825.5,4878.5,4874.314453125,1271907.0
2025-02-05,RIO.L,4893.0,4915.0,4872.5,4900.0,4895.7958984375,1003199.0
2025-02-06,RIO.L,4952.5,5086.0,4950.0,5026.0,5021.68798828125,1893705.0
2025-02-07,RIO.L,5030.0,5057.0,4989.5,5015.0,5010.697265625,2414873.0
2025-02-10,RIO.L,4985.5,5034.0,4978.5,5016.0,5011.69677734375,1480874.0
2025-02-11,RIO.L,5000.0,5010.0,4903.5,4954.0,4949.74951171875,5666129.0
2025-02-12,RIO.L,5000.0,5032.0,4962.0,4999.0,4994.71142578125,1593926.0
2025-02-13,RIO.L,5020.0,5053.0,4997.0,5039.0,5034.6767578125,1710976.0
2025-02-14,RIO.L,5083.0,5166.0,5038.0,5054.0,5049.6640625,2859241.0
2025-02-17,RIO.L,5064.0,5106.27490234375,5034.0,5085.0,5080.63720703125,1028827.0
2025-02-18,RIO.L,5105.0,5109.0,5051.0,5081.0,5076.640625,2395815.0
2025-02-19,RIO.L,5080.0,5097.0,4974.5,5036.0,5031.67919921875,2191987.0
2025-02-20,RIO.L,4980.0,5125.0,4978.0,5062.0,5057.65673828125,2328723.0
2025-02-21,RIO.L,5101.0,5160.9912109375,5069.0,5082.0,5077.64013671875,1703987.0
2025-02-24,RIO.L,5014.0,5043.0,4965.0,5007.0,5002.7041015625,3993218.0
2025-02-25,RIO.L,4900.5,4934.5,4840.0,4840.0,4835.84765625,3741689.0
2025-02-26,RIO.L,4886.0,4886.0,4831.5,4884.5,4880.30908203125,1577377.0
2025-02-27,RIO.L,4855.0,4880.0,4801.5,4818.5,4814.36572265625,5373749.0
2025-02-28,RIO.L,4737.5,4807.0,4705.0,4794.0,4789.88720703125,7365321.0
2025-03-03,RIO.L,4809.5,4895.3359375,4785.5,4877.0,4872.8154296875,6795036.0
2025-03-04,RIO.L,4785.5,4875.0,4773.5,4850.0,4845.8388671875,2888949.0
2025-03-05,RIO.L,4928.5,4961.5,4873.0,4904.0,4899.79248046875,4612501.0
2025-03-06,RIO.L,4795.0,4894.0,4781.0,4791.0,4788.60791015625,3158676.0
2025-03-07,RIO.L,4780.0,4831.5,4735.0,4802.5,4800.10205078125,2491976.0
2025-03-10,RIO.L,4890.5,4890.5,4782.5,4828.5,4826.08935546875,8516628.0
2025-03-11,RIO.L,4843.5,4880.0,4748.0,4760.0,4757.62353515625,2378031.0
2025-03-12,RIO.L,4765.5,4791.72900390625,4665.0,4690.5,4688.158203125,4006435.0
2025-03-13,RIO.L,4670.0,4736.0,4653.0,4730.0,4727.638671875,3335524.0
2025-03-14,RIO.L,4763.0,4848.5,4747.0,4818.0,4815.5947265625,1986745.0
2025-03-17,RIO.L,4896.0,4908.5,4822.0,4890.5,4888.05859375,1704994.0
2025-03-18,RIO.L,4898.0,4937.705078125,4874.0,4907.0,4904.55029296875,2293543.0
2025-03-19,RIO.L,4904.5,4925.0,4849.5,4906.5,4904.05029296875,2496940.0
2025-03-20,RIO.L,4895.5,4922.5,4830.0,4843.0,4840.58203125,1641041.0
2025-03-21,RIO.L,4815.0,4826.5,4736.0,4757.0,4754.625,4469807.0
2025-03-24,RIO.L,4848.5,4902.0,4827.5,4827.5,4825.09033203125,1998274.0
2025-03-25,RIO.L,4817.0,4885.0,4785.5,4856.0,4853.57568359375,2520570.0
2025-03-26,RIO.L,4898.5,4910.0,4846.5,4879.5,4877.06396484375,1506830.0
2025-03-27,RIO.L,4847.5,4873.5,4790.0,4813.5,4811.0966796875,1742978.0
2025-03-28,RIO.L,4813.5,4845.30517578125,4710.5,4716.0,4713.6455078125,2104607.0
2025-03-31,RIO.L,4639.0,4639.5,4520.5,4586.5,4584.2099609375,3042492.0
2025-04-01,RIO.L,4668.5,4683.5,4624.0,4654.5,4652.17626953125,1480222.0
2025-04-02,RIO.L,4618.5,4654.5,4573.0,4601.5,4599.20263671875,1739319.0
2025-04-03,RIO.L,4477.5,4530.5,4422.5,4493.0,4490.7568359375,2678197.0
2025-04-04,RIO.L,4449.5,4466.5,4171.0,4239.0,4236.8837890625,4224848.0
2025-04-07,RIO.L,4074.5,4393.5,4037.0,4233.5,4231.38671875,5175342.0
2025-04-08,RIO.L,4281.5,4360.0,4174.5,4215.5,4213.3955078125,5058538.0
2025-04-09,RIO.L,4052.5,4199.0,4024.5,4117.0,4114.94482421875,3717877.0
2025-04-10,RIO.L,4365.5,4396.5,4208.0,4208.0,4205.8994140625,2821449.0
2025-04-11,RIO.L,4279.5,4317.5,4214.5,4303.5,4301.3515625,2569183.0
2025-04-14,RIO.L,4358.0,4390.0,4326.5,4343.0,4340.83154296875,1773529.0
2025-04-15,RIO.L,4351.5,4372.0908203125,4327.5,4352.5,4350.3271484375,2075138.0
2025-04-16,RIO.L,4280.5,4353.0,4257.5,4353.0,4350.8271484375,2268644.0
2025-04-17,RIO.L,4356.5,4412.5,4356.5,4398.0,4395.80419921875,1887432.0
2025-04-22,RIO.L,4444.0,4486.5,4415.0,4467.0,4464.76953125,4091620.0
2025-04-23,RIO.L,4551.0,4656.0,4550.0,4585.5,4583.2109375,3303412.0
2025-04-24,RIO.L,4578.0,4625.0,4528.5,4611.5,4609.197265625,2994383.0
2025-04-25,RIO.L,4599.5,4630.0,4545.0,4550.0,4547.728515625,4266898.0
2025-04-28,RIO.L,4533.0,4573.0,4523.5,4525.0,4522.7412109375,3137712.0
2025-04-29,RIO.L,4550.0,4615.0,4540.0,4546.5,4544.22998046875,1428631.0
2025-04-30,RIO.L,4524.0,4561.73876953125,4367.0,4447.0,4444.77978515625,4162538.0
2025-05-01,RIO.L,4531.5,4531.5,4426.5,4430.0,4427.78857421875,1063676.0
2025-05-02,RIO.L,4542.0,4556.5,4470.5,4502.0,4499.75244140625,1613491.0
2025-05-06,RIO.L,4511.5,4519.0,4443.5,4478.5,4476.26416015625,4192427.0
2025-05-07,RIO.L,4494.5,4576.0,4475.45703125,4539.5,4537.23388671875,4740279.0
2025-05-08,RIO.L,4514.0,4533.5,4423.5,4445.0,4442.78076171875,2494718.0
2025-05-09,RIO.L,4470.5,4510.5,4446.0,4496.5,4494.2548828125,3975252.0
2025-05-12,RIO.L,4744.5,4764.5,4644.5,4662.0,4659.67236328125,3348147.0
2025-05-13,RIO.L,4665.5,4772.5,4665.5,4699.5,4697.15380859375,1720573.0
2025-05-14,RIO.L,4733.5,4734.0,4662.0,4684.0,4681.66162109375,2315490.0
2025-05-15,RIO.L,4672.0,4706.0,4624.0,4692.0,4689.65771484375,3992565.0
2025-05-16,RIO.L,4690.0,4720.5,4648.7021484375,4676.0,4673.66552734375,2961611.0
2025-05-19,RIO.L,4652.5,4659.0,4584.0,4646.0,4643.6806640625,1946053.0
2025-05-20,RIO.L,4625.0,4691.5,4617.0,4673.5,4671.1669921875,1296347.0
2025-05-21,RIO.L,4650.0,4679.0,4629.0,4651.5,4649.177734375,2767389.0
2025-05-22,RIO.L,4627.5,4669.0,4570.0,4587.0,4584.7099609375,2718783.0
2025-05-23,RIO.L,4555.0,4606.5,4515.5,4562.5,4560.22216796875,1905414.0
2025-05-27,RIO.L,4527.5,4537.0,4483.0,4498.5,4496.25390625,2401141.0
2025-05-28,RIO.L,4446.5,4494.5,4443.80078125,4451.0,4448.77783203125,1797588.0
2025-05-29,RIO.L,4494.5,4510.5,4448.5,4461.0,4458.77294921875,5504968.0
2025-05-30,RIO.L,4416.0,4452.5,4394.5,4402.0,4399.80224609375,6581437.0
2025-06-02,RIO.L,4380.0,4406.0,4348.0,4378.5,4376.31396484375,2054735.0
2025-06-03,RIO.L,4305.0,4337.5,4269.0,4337.5,4335.33447265625,3423038.0
2025-06-04,RIO.L,4353.0,4384.5,4301.0,4341.0,4338.83251953125,4038351.0
2025-06-05,RIO.L,4350.0,4409.0,4338.0,4391.0,4388.8076171875,2599004.0
2025-06-06,RIO.L,4357.5,4390.0,4341.0,4355.5,4353.3251953125,4274560.0
2025-06-09,RIO.L,4369.5,4390.0,4312.0,4362.0,4359.822265625,1780557.0
2025-06-10,RIO.L,4349.0,4390.5,4337.5,4376.5,4374.31494140625,2318806.0
2025-06-11,RIO.L,4425.5,4429.0,4351.0,4351.0,4348.828125,3106558.0
2025-06-12,RIO.L,4300.0,4307.5,4263.5,4302.5,4300.35205078125,2127382.0
2025-06-13,RIO.L,4251.0,4288.5,4249.0,4288.5,4286.35888671875,2798061.0
2025-06-16,RIO.L,4311.0,4327.5,4287.0,4303.0,4300.8515625,2717261.0
2025-06-17,RIO.L,4274.5,4305.5,4250.0,4252.5,4250.376953125,4376420.0
2025-06-18,RIO.L,4265.5,4287.0,4231.5,4240.5,4238.3828125,2120301.0
2025-06-19,RIO.L,4180.0,4195.5,4134.5,4137.5,4135.43408203125,3266287.0
2025-06-20,RIO.L,4137.0,4183.5,4137.0,4148.5,4146.4287109375,7522891.0
2025-06-23,RIO.L,4123.0,4187.5,4110.0,4185.0,4182.91064453125,2733253.0
2025-06-24,RIO.L,4276.5,4276.5,4193.5,4193.5,4191.40673828125,3332321.0
2025-06-25,RIO.L,4193.5,4209.5,4124.0,4124.0,4121.94140625,3098737.0
2025-06-26,RIO.L,4186.0,4279.5,4169.0,4267.5,4265.369140625,2213867.0
2025-06-27,RIO.L,4325.5,4356.5,4253.0,4281.5,4279.36279296875,1606420.0
2025-06-30,RIO.L,4277.5,4286.0,4228.0,4245.0,4242.880859375,1677642.0
2025-07-01,RIO.L,4241.0,4264.0,4187.0,4264.0,4261.87109375,2652950.0
2025-07-02,RIO.L,4310.0,4389.0,4287.47705078125,4381.0,4378.8125,3546202.0
2025-07-03,RIO.L,4366.0,4374.5,4296.0,4296.0,4293.85546875,2866363.0
2025-07-04,RIO.L,4279.0,4287.5,4255.5,4266.5,4264.3701171875,1174406.0
2025-07-07,RIO.L,4261.0,4279.0,4248.0,4256.0,4253.87548828125,1366280.0
2025-07-08,RIO.L,4273.0,4331.0,4266.5,4311.5,4309.34716796875,2373093.0
2025-07-09,RIO.L,4333.0,4334.5,4274.0,4276.5,4274.36474609375,3290957.0
2025-07-10,RIO.L,4428.5,4490.0,4414.5,4447.5,4445.27978515625,5533046.0
2025-07-11,RIO.L,4443.5,4471.0,4393.0,4457.0,4454.77490234375,2099060.0
2025-07-14,RIO.L,4513.5,4517.5,4424.5,4426.0,4423.79052734375,1482524.0
2025-07-15,RIO.L,4439.5,4460.0,4332.451171875,4346.0,4343.830078125,2559072.0
2025-07-16,RIO.L,4408.5,4451.240234375,4384.56884765625,4398.5,4396.30419921875,2740561.0
2025-07-17,RIO.L,4413.5,4463.5,4400.5,4429.5,4427.28857421875,1415507.0
2025-07-18,RIO.L,4500.0,4526.0,4448.0,4487.5,4485.259765625,2440032.0
2025-07-21,RIO.L,4630.40283203125,4653.0,4566.0,4610.0,4607.6982421875,4564166.0
2025-07-22,RIO.L,4661.0,4725.0,4641.5,4713.5,4711.14697265625,3000050.0
2025-07-23,RIO.L,4696.0,4767.5,4689.5,4731.5,4729.1376953125,2077643.0
2025-07-24,RIO.L,4765.0,4772.5,4706.5,4719.5,4717.14404296875,1944116.0
2025-07-25,RIO.L,4705.0,4714.5,4661.0498046875,4680.0,4677.66357421875,3553565.0
2025-07-28,RIO.L,4668.0,4681.0,4572.0,4639.0,4636.68359375,1948436.0
2025-07-29,RIO.L,4663.0,4673.0,4621.0,4648.5,4646.17919921875,2112944.0
2025-07-30,RIO.L,4613.5,4626.5,4528.0,4588.0,4585.70947265625,2064850.0
2025-07-31,RIO.L,4360.0,4503.5,4344.5,4503.5,4501.25146484375,4818208.0
2025-08-01,RIO.L,4505.5,4508.5,4457.5,4492.0,4489.75732421875,4769110.0
2025-08-04,RIO.L,4510.5,4513.0,4467.5,4489.5,4487.2587890625,3719117.0
2025-08-05,RIO.L,4484.5,4517.0,4476.5,4488.0,4485.75927734375,2050688.0
2025-08-06,RIO.L,4501.0,4542.5,4482.0,4503.0,4500.751953125,3646736.0
2025-08-07,RIO.L,4496.0,4548.5,4490.5,4499.0,4496.75390625,6637266.0
2025-08-08,RIO.L,4535.0,4580.0,4529.5,4573.0,4570.71728515625,6853002.0
2025-08-11,RIO.L,4604.0,4614.5,4560.0,4587.0,4584.7099609375,1180561.0
2025-08-12,RIO.L,4636.5,4664.5,4627.83203125,4653.0,4650.67724609375,2987407.0
2025-08-13,RIO.L,4677.5,4694.0,4635.84716796875,4668.5,4666.1689453125,1604824.0
2025-08-14,RIO.L,4481.5,4521.0,4452.0,4481.0,4479.8046875,3063120.0
2025-08-15,RIO.L,4543.5,4575.2412109375,4506.0,4514.0,4512.7958984375,7121261.0
2025-08-18,RIO.L,4500.0,4513.0,4436.5,4448.5,4447.3134765625,4152534.0
2025-08-19,RIO.L,4452.0,4527.5,4443.0,4487.0,4485.80322265625,1323343.0
2025-08-20,RIO.L,4469.5,4506.5,4440.5,4491.0,4489.80224609375,2031155.0
2025-08-21,RIO.L,4512.0,4532.0,4484.0,4531.0,4529.79150390625,1060613.0
2025-08-22,RIO.L,4531.0,4609.0,4511.44091796875,4601.0,4599.77294921875,1774603.0
2025-08-26,RIO.L,4663.0,4694.18212890625,4565.5,4577.0,4575.779296875,4899269.0
2025-08-27,RIO.L,4595.0,4703.4501953125,4560.0,4570.0,4568.78125,1264317.0
2025-08-28,RIO.L,4608.5,4642.0,4602.5,4637.0,4635.76318359375,1152382.0
2025-08-29,RIO.L,4654.5,4676.0,4628.5,4642.0,4640.76171875,970493.0
2025-09-01,RIO.L,4573.0,4607.5,4573.0,4602.5,4601.2724609375,1094689.0
2025-09-02,RIO.L,4604.5,4619.5,4574.23876953125,4581.5,4580.27783203125,1560470.0
2025-09-03,RIO.L,4582.0,4644.0,4573.0,4613.5,4612.26953125,2810717.0
2025-09-04,RIO.L,4631.0,4700.0,4603.5,4604.0,4602.77197265625,1249163.0
2025-09-05,RIO.L,4660.0,4731.5,4653.5,4681.0,4679.75146484375,1691108.0
2025-09-08,RIO.L,4723.0,4723.0,4664.5,4696.5,4695.2470703125,1148890.0
2025-09-09,RIO.L,4692.0,4709.0,4603.0,4606.5,4605.271484375,2473000.0
2025-09-10,RIO.L,4533.0,4640.5,4528.0,4584.5,4583.27734375,2620430.0
2025-09-11,RIO.L,4594.5,4709.1689453125,4554.5,4591.5,4590.275390625,1515281.0
2025-09-12,RIO.L,4651.0,4679.0,4591.5,4602.0,4600.7724609375,1429290.0
2025-09-15,RIO.L,4622.5,4644.5,4579.0,4631.5,4630.2646484375,7891345.0
2025-09-16,RIO.L,4717.0,4749.0,4622.5,4649.5,4648.259765625,5217111.0
2025-09-17,RIO.L,4616.5,4638.5,4586.0,4610.0,4608.7705078125,2770577.0
2025-09-18,RIO.L,4593.0,4633.0,4562.0,4572.0,4570.7802734375,3268513.0
2025-09-19,RIO.L,4581.0,4607.0,4555.5,4599.0,4597.7734375,4749538.0
2025-09-22,RIO.L,4644.5,4802.74609375,4579.16015625,4693.5,4692.248046875,1736197.0
2025-09-23,RIO.L,4684.5,4721.5,4658.0,4691.0,4689.74853515625,1854747.0
2025-09-24,RIO.L,4680.5,4765.5,4668.5,4748.0,4746.7333984375,4480799.0
2025-09-25,RIO.L,4880.5,4940.5,4829.82080078125,4916.0,4914.68896484375,3676388.0
2025-09-26,RIO.L,4870.0,4887.22607421875,4808.0,4831.5,4830.21142578125,8225344.0
2025-09-29,RIO.L,4877.5,4932.0,4844.0,4915.0,4913.68896484375,1812845.0
2025-09-30,RIO.L,4876.5,4951.0,4834.0,4887.5,4886.1962890625,3123428.0
2025-10-01,RIO.L,4875.5,4955.0,4870.0,4891.5,4890.1953125,3492557.0
2025-10-02,RIO.L,4955.0,4973.5,4862.5,4873.0,4871.7001953125,1839312.0
2025-10-03,RIO.L,4920.0,4947.5,4897.5,4931.0,4929.6845703125,3851488.0
2025-10-06,RIO.L,4910.5,5002.0,4899.0,4991.0,4989.6689453125,3519386.0
2025-10-07,RIO.L,4965.5,4990.5,4925.0,4955.5,4954.17822265625,1761674.0
2025-10-08,RIO.L,4973.0,5057.0,4955.5,5047.0,5045.65380859375,2605388.0
2025-10-09,RIO.L,5110.0,5171.0,5049.0,5049.0,5047.6533203125,2128213.0
2025-10-10,RIO.L,4990.0,5090.0,4976.0,4983.5,4982.1708984375,2499152.0
2025-10-13,RIO.L,5003.0,5090.0,4999.0,5082.0,5080.64453125,1933144.0
2025-10-14,RIO.L,4981.0,5082.0,4970.5,5082.0,5080.64453125,2259533.0
2025-10-15,RIO.L,5135.0,5157.0,5060.18408203125,5141.0,5139.62890625,1839133.0
2025-10-16,RIO.L,5147.0,5152.0,5103.0,5138.0,5136.62939453125,1314740.0
2025-10-17,RIO.L,5088.0,5103.0,5029.0,5050.0,5048.65283203125,2058441.0
2025-10-20,RIO.L,5084.0,5146.0,5054.0,5130.0,5128.6318359375,1883806.0
2025-10-21,RIO.L,5189.0,5189.0,5084.0,5097.0,5095.640625,1612653.0
2025-10-22,RIO.L,5223.0,5286.0,5169.0,5205.0,5203.61181640625,6334894.0
2025-10-23,RIO.L,5216.0,5341.0,5201.0,5301.0,5299.5859375,3897767.0
2025-10-24,RIO.L,5239.0,5325.0,5239.0,5325.0,5323.57958984375,2579339.0
2025-10-27,RIO.L,,,,,,
2025-10-28,RIO.L,5294.0,5429.669921875,5262.0,5408.0,5406.5576171875,2010041.0
2025-10-29,RIO.L,5483.0,5565.0,5457.0,5546.0,5544.5205078125,2636583.0
2025-10-30,RIO.L,5460.0,5500.0,5426.0,5483.0,5481.53759765625,2226299.0
2025-10-31,RIO.L,5489.0,5511.0,5471.0,5486.0,5484.53662109375,1768425.0
2025-11-03,RIO.L,5428.0,5445.0,5353.0,5360.0,5358.5703125,1848309.0
2025-11-04,RIO.L,5298.0,5300.0,5232.0,5272.0,5270.59375,4634235.0
2025-11-05,RIO.L,5206.0,5313.10302734375,5206.0,5278.0,5276.59228515625,2214425.0
2025-11-06,RIO.L,5320.0,5344.0,5221.0,5259.0,5257.59716796875,3187261.0
2025-11-07,RIO.L,5255.0,5262.0,5159.0,5226.0,5224.60595703125,1886729.0
2025-11-10,RIO.L,5304.0,5329.0,5270.001953125,5301.0,5299.5859375,3741356.0
2025-11-11,RIO.L,5318.0,5353.0,5303.0,5324.0,5322.580078125,1257835.0
2025-11-12,RIO.L,5375.0,5447.0,5373.0,5410.0,5408.55712890625,2613348.0
2025-11-13,RIO.L,5427.0,5452.0,5407.0,5411.0,5409.556640625,1272135.0
2025-11-14,RIO.L,5355.0,5394.0,5291.0,5394.0,5392.56103515625,2134698.0
2025-11-17,RIO.L,5397.0,5410.0,5357.0,5398.0,5396.56005859375,1264300.0
2025-11-18,RIO.L,5220.0,5307.24609375,5183.0,5288.0,5286.58935546875,2853769.0
2025-11-19,RIO.L,5274.0,5343.0,5250.0,5307.0,5305.58447265625,1500708.0
2025-11-20,RIO.L,5385.0,5662.0,5331.0,5337.0,5335.57666015625,3492858.0
2025-11-21,RIO.L,5182.0,5313.0,5182.0,5308.0,5306.583984375,2409005.0
2025-11-24,RIO.L,5342.0,5381.0,5305.0,5355.0,5353.57177734375,3328364.0
2025-11-25,RIO.L,5372.0,5449.0,5367.0,5400.0,5398.5595703125,1651852.0
2025-11-26,RIO.L,5450.0,5489.0,5407.0,5461.0,5459.54345703125,5710174.0
2025-11-27,RIO.L,5400.0,5424.0,5355.0,5355.0,5353.57177734375,1041402.0
2025-11-28,RIO.L,5363.0,5435.0,5363.0,5422.0,5420.5537109375,1655757.0
2025-12-01,RIO.L,5414.0,5498.0,5399.0,5465.0,5463.54248046875,1904338.0
2025-12-02,RIO.L,5467.0,5475.0,5417.0,5417.0,5415.55517578125,1432174.0
2025-12-03,RIO.L,5471.0,5517.0,5469.0,5504.0,5502.53173828125,2501212.0
2025-12-04,RIO.L,5642.0,5647.59814453125,5445.0,5494.0,5492.53466796875,3665663.0
2025-12-05,RIO.L,5550.0,5571.0,5470.115234375,5500.0,5498.533203125,1635280.0
2025-12-08,RIO.L,5476.0,5537.0,5473.0,5476.0,5474.53955078125,1787481.0
2025-12-09,RIO.L,5446.0,5538.0,5442.0,5528.0,5526.525390625,2268219.0
2025-12-10,RIO.L,5571.0,5668.0,5563.0,5607.0,5605.50439453125,2663797.0
2025-12-11,RIO.L,5671.0,5690.0,5595.0,5685.0,5683.4833984375,2571577.0
2025-12-12,RIO.L,5734.0,5755.0,5589.0,5589.0,5587.50927734375,3366671.0
2025-12-15,RIO.L,5632.0,5661.0,5598.0,5632.0,5630.49755859375,2121432.0
2025-12-16,RIO.L,5656.0,5706.0,5644.0,5663.0,5661.48974609375,3768263.0
2025-12-17,RIO.L,5690.0,5812.0,5681.0,5753.0,5751.46533203125,6056594.0
2025-12-18,RIO.L,5773.0,5801.0,5733.5888671875,5791.0,5789.45556640625,2235214.0
2025-12-19,RIO.L,5791.0,5851.0,5765.0,5838.0,5836.44287109375,5817202.0
2025-12-22,RIO.L,5872.0,5967.0,5856.0,5931.0,5929.41796875,3162349.0
2025-12-23,RIO.L,5920.0,6019.0,5908.0,5997.0,5995.400390625,1834575.0
2025-12-24,RIO.L,5992.0,6005.0,5972.0,5982.0,5980.404296875,840570.0
2025-12-29,RIO.L,5990.0,6025.0,5940.0,5950.0,5948.4130859375,1662321.0
2025-12-30,RIO.L,5972.0,6047.0,5962.0,6026.0,6024.392578125,1288770.0
2025-12-31,RIO.L,5975.0,5996.0,5960.0,5994.0,5992.4013671875,389226.0
2025-01-02,VOD.L,68.30000305175781,69.23999786376953,68.08000183105469,68.87999725341797,68.83325958251953,38313245
2025-01-03,VOD.L,69.13999938964844,69.69999694824219,68.62000274658203,68.62000274658203,68.57344818115234,117786934
2025-01-06,VOD.L,68.31999969482422,68.72000122070312,67.86000061035156,68.0,67.953857421875,61929699
2025-01-07,VOD.L,67.76000213623047,68.18000030517578,66.58000183105469,67.5999984741211,67.55413055419922,71762811
2025-01-08,VOD.L,67.54000091552734,67.69999694824219,66.04000091552734,66.66000366210938,66.61477661132812,95332409
2025-01-09,VOD.L,66.66000366210938,67.12000274658203,66.27999877929688,66.54000091552734,66.49485778808594,64877500
2025-01-10,VOD.L,66.45999908447266,66.66000366210938,65.9800033569336,66.18000030517578,66.13510131835938,81248283
2025-01-13,VOD.L,66.0,67.08000183105469,65.95999908447266,66.94000244140625,66.89457702636719,121833067
2025-01-14,VOD.L,67.33999633789062,67.72000122070312,67.16000366210938,67.4000015258789,67.35427856445312,79663860
2025-01-15,VOD.L,67.77999877929688,69.36000061035156,67.73999786376953,69.16000366210938,69.11307525634766,110691670
2025-01-16,VOD.L,69.44000244140625,69.5199966430664,68.41999816894531,69.5,69.45284271240234,136513773
2025-01-17,VOD.L,69.41999816894531,69.83999633789062,68.9000015258789,69.58000183105469,69.53279113769531,102386823
2025-01-20,VOD.L,69.4800033569336,69.97000122070312,69.36000061035156,69.80000305175781,69.75264739990234,165782198
2025-01-21,VOD.L,69.81999969482422,70.05999755859375,69.22000122070312,69.63999938964844,69.59274291992188,52154874
2025-01-22,VOD.L,68.95999908447266,69.5199966430664,67.80000305175781,68.19999694824219,68.15372467041016,98631972
2025-01-23,VOD.L,68.16000366210938,68.73999786376953,67.79000091552734,68.0999984741211,68.05378723144531,56534381
2025-01-24,VOD.L,68.31999969482422,68.45999908447266,66.86000061035156,67.0,66.95453643798828,59572722
2025-01-27,VOD.L,66.81999969482422,68.87999725341797,66.81999969482422,67.9800033569336,67.93387603759766,47402382
2025-01-28,VOD.L,68.16000366210938,69.12000274658203,67.91999816894531,68.36000061035156,68.31361389160156,62769248
2025-01-29,VOD.L,67.9000015258789,69.05999755859375,67.4000015258789,68.81999969482422,68.77330780029297,56298703
2025-01-30,VOD.L,68.26000213623047,68.87999725341797,67.96900177001953,68.69999694824219,68.65338134765625,39414698
2025-01-31,VOD.L,68.86000061035156,69.0999984741211,68.22000122070312,68.68000030517578,68.63340759277344,45842870
2025-02-03,VOD.L,68.54000091552734,70.0199966430664,68.04000091552734,70.0199966430664,69.97248840332031,74727172
2025-02-04,VOD.L,66.0,66.80000305175781,64.37899780273438,65.0999984741211,65.05582427978516,375547737
2025-02-05,VOD.L,65.5,66.4800033569336,64.62000274658203,66.23999786376953,66.19505310058594,227530844
2025-02-06,VOD.L,66.33999633789062,68.28399658203125,66.0199966430664,68.0,67.953857421875,84073636
2025-02-07,VOD.L,67.80000305175781,69.44000244140625,67.80000305175781,68.94000244140625,68.89322662353516,96890983
2025-02-10,VOD.L,69.0199966430664,70.33999633789062,68.86000061035156,69.44000244140625,69.39289093017578,77714488
2025-02-11,VOD.L,69.26000213623047,69.33999633789062,67.77999877929688,68.22000122070312,68.17371368408203,134544445
2025-02-12,VOD.L,68.33999633789062,69.72000122070312,68.18000030517578,69.12000274658203,69.07311248779297,104562178
2025-02-13,VOD.L,69.18000030517578,69.5199966430664,67.05999755859375,67.30000305175781,67.25433349609375,100577347
2025-02-14,VOD.L,67.18000030517578,67.27999877929688,65.87999725341797,66.5199966430664,66.47486114501953,119638401
2025-02-17,VOD.L,66.37999725341797,66.45999908447266,65.30000305175781,65.41999816894531,65.37561798095703,77153839
2025-02-18,VOD.L,65.30000305175781,66.45899963378906,64.99500274658203,66.37999725341797,66.33495330810547,55798571
2025-02-19,VOD.L,65.76000213623047,66.13999938964844,65.41999816894531,65.63999938964844,65.59546661376953,84186604
2025-02-20,VOD.L,65.5999984741211,65.9000015258789,65.05999755859375,65.0999984741211,65.05582427978516,76415299
2025-02-21,VOD.L,65.18000030517578,66.23999786376953,65.0999984741211,66.19999694824219,66.15507507324219,75060600
2025-02-24,VOD.L,66.68000030517578,68.62000274658203,66.4800033569336,68.4000015258789,68.35359191894531,99477198
2025-02-25,VOD.L,68.18000030517578,69.23999786376953,67.81199645996094,69.23999786376953,69.1930160522461,65073273
2025-02-26,VOD.L,68.94000244140625,69.4000015258789,68.26200103759766,69.0199966430664,68.9731674194336,62809510
2025-02-27,VOD.L,68.5199966430664,69.58000183105469,68.45600128173828,69.33999633789062,69.29295349121094,150467337
2025-02-28,VOD.L,69.16000366210938,70.19999694824219,69.05999755859375,70.18000030517578,70.13238525390625,241836763
2025-03-03,VOD.L,70.05999755859375,71.16000366210938,69.31999969482422,70.68000030517578,70.63204193115234,83582137
2025-03-04,VOD.L,70.0999984741211,70.5199966430664,69.81999969482422,69.81999969482422,69.77262115478516,84892538
2025-03-05,VOD.L,69.55999755859375,69.9280014038086,68.55999755859375,69.54000091552734,69.49281311035156,106637831
2025-03-06,VOD.L,70.08000183105469,70.9800033569336,69.5999984741211,69.5999984741211,69.55276489257812,61116702
2025-03-07,VOD.L,70.0,72.5,69.68000030517578,72.5,72.45081329345703,96971178
2025-03-10,VOD.L,72.54000091552734,74.22000122070312,71.94000244140625,73.9000015258789,73.84986114501953,189589571
2025-03-11,VOD.L,73.23999786376953,73.87999725341797,71.0999984741211,71.0999984741211,71.0517578125,110837399
2025-03-12,VOD.L,71.0999984741211,71.36000061035156,69.7509994506836,70.05999755859375,70.01246643066406,86728528
2025-03-13,VOD.L,70.18000030517578,73.4800033569336,70.13999938964844,73.27999877929688,73.23027801513672,86534150
2025-03-14,VOD.L,73.08000183105469,75.0,72.12000274658203,73.63999938964844,73.59003448486328,78317317
2025-03-17,VOD.L,73.5999984741211,75.0199966430664,73.58000183105469,74.86000061035156,74.80921173095703,131776691
2025-03-18,VOD.L,75.08000183105469,75.83999633789062,74.5199966430664,75.5,75.44876861572266,87764298
2025-03-19,VOD.L,75.08000183105469,75.65699768066406,74.44000244140625,74.77999877929688,74.72926330566406,53281737
2025-03-20,VOD.L,74.9000015258789,75.26000213623047,74.19999694824219,74.44000244140625,74.38949584960938,55066960
2025-03-21,VOD.L,74.26000213623047,75.80000305175781,74.22000122070312,75.33999633789062,75.28887939453125,189388710
2025-03-24,VOD.L,74.30000305175781,74.86000061035156,71.44000244140625,72.0,71.95114135742188,63351490
2025-03-25,VOD.L,72.08000183105469,73.0199966430664,71.95999908447266,72.13999938964844,72.09105682373047,112659634
2025-03-26,VOD.L,72.33999633789062,72.68000030517578,71.68000030517578,72.5,72.45081329345703,43623067
2025-03-27,VOD.L,72.19999694824219,72.5999984741211,72.0199966430664,72.23999786376953,72.19097900390625,34979218
2025-03-28,VOD.L,72.22000122070312,73.9000015258789,72.14800262451172,73.23999786376953,73.1903076171875,86268732
2025-03-31,VOD.L,72.9800033569336,73.19999694824219,72.27999877929688,72.9000015258789,72.85053253173828,92064180
2025-04-01,VOD.L,72.9800033569336,73.36000061035156,72.13999938964844,72.19999694824219,72.15100860595703,55971444
2025-04-02,VOD.L,71.4800033569336,72.16000366210938,70.27999877929688,70.37999725341797,70.33224487304688,58696418
2025-04-03,VOD.L,70.27999877929688,72.05999755859375,70.04000091552734,71.44000244140625,71.39152526855469,355701297
2025-04-04,VOD.L,71.5,71.72000122070312,66.77999877929688,66.77999877929688,66.73468780517578,149626535
2025-04-07,VOD.L,64.30000305175781,67.0199966430664,62.58000183105469,65.22000122070312,65.17574310302734,373414321
2025-04-08,VOD.L,65.23999786376953,65.94000244140625,64.43900299072266,65.4800033569336,65.43557739257812,107776075
2025-04-09,VOD.L,64.19999694824219,64.55999755859375,62.400001525878906,63.91999816894531,63.876625061035156,121149324
2025-04-10,VOD.L,66.68000030517578,67.33999633789062,63.349998474121094,65.36000061035156,65.3156509399414,147973478
2025-04-11,VOD.L,65.54000091552734,66.67500305175781,65.04100036621094,66.18000030517578,66.13510131835938,67871119
2025-04-14,VOD.L,66.9800033569336,68.66000366210938,66.66000366210938,68.41999816894531,68.37357330322266,82067084
2025-04-15,VOD.L,68.13999938964844,69.33999633789062,68.0199966430664,69.26000213623047,69.2130126953125,43687318
2025-04-16,VOD.L,69.18000030517578,70.83999633789062,69.0999984741211,70.30000305175781,70.25230407714844,66193780
2025-04-17,VOD.L,69.87999725341797,70.83999633789062,69.08000183105469,70.4800033569336,70.43218231201172,53100070
2025-04-22,VOD.L,70.13999938964844,72.5199966430664,70.02899932861328,72.19999694824219,72.15100860595703,88228502
2025-04-23,VOD.L,71.5,71.77999877929688,69.9800033569336,70.23999786376953,70.19234466552734,91634835
2025-04-24,VOD.L,70.0199966430664,70.69999694824219,69.4000015258789,70.0999984741211,70.05243682861328,91747135
2025-04-25,VOD.L,69.80000305175781,70.86000061035156,69.41999816894531,70.33999633789062,70.29226684570312,47598653
2025-04-28,VOD.L,70.66000366210938,71.5999984741211,70.44000244140625,71.44000244140625,71.39152526855469,46557637
2025-04-29,VOD.L,71.95999908447266,72.41999816894531,71.30000305175781,71.9000015258789,71.8512191772461,39046932
2025-04-30,VOD.L,72.16000366210938,73.4000015258789,71.76000213623047,73.26000213623047,73.21028900146484,78779592
2025-05-01,VOD.L,73.5999984741211,74.0,72.80000305175781,73.76000213623047,73.70995330810547,26877916
2025-05-02,VOD.L,74.0,74.23999786376953,72.87999725341797,72.95999908447266,72.9104995727539,40475877
2025-05-06,VOD.L,72.36000061035156,73.54000091552734,72.16000366210938,72.9800033569336,72.93048095703125,48172810
2025-05-07,VOD.L,72.63999938964844,72.81999969482422,71.04000091552734,71.58000183105469,71.53143310546875,154997219
2025-05-08,VOD.L,70.5199966430664,71.13999938964844,69.22000122070312,70.30000305175781,70.25230407714844,74637972
2025-05-09,VOD.L,70.16000366210938,70.63999938964844,69.5,70.36000061035156,70.31226348876953,46093853
2025-05-12,VOD.L,70.30000305175781,71.08000183105469,69.12000274658203,69.12000274658203,69.07311248779297,76953059
2025-05-13,VOD.L,69.16000366210938,69.83999633789062,68.54000091552734,68.83999633789062,68.79328918457031,52813508
2025-05-14,VOD.L,68.30000305175781,69.37999725341797,67.80000305175781,68.33999633789062,68.29362487792969,75305182
2025-05-15,VOD.L,68.44000244140625,70.4000015258789,68.4000015258789,70.0999984741211,70.05243682861328,170963879
2025-05-16,VOD.L,70.08000183105469,71.18000030517578,70.0,71.18000030517578,71.13169860839844,77020150
2025-05-19,VOD.L,71.23999786376953,72.63999938964844,70.9000015258789,72.45999908447266,72.41083526611328,108176262
2025-05-20,VOD.L,71.94000244140625,77.72000122070312,71.33999633789062,77.72000122070312,77.66726684570312,162009143
2025-05-21,VOD.L,77.76000213623047,78.44000244140625,75.95999908447266,78.30000305175781,78.24687957763672,111441020
2025-05-22,VOD.L,77.72000122070312,78.91999816894531,77.18000030517578,78.91999816894531,78.866455078125,70549976
2025-05-23,VOD.L,78.76000213623047,79.12000274658203,76.23999786376953,77.0999984741211,77.04768371582031,88219330
2025-05-27,VOD.L,77.36000061035156,77.74099731445312,76.16000366210938,77.5,77.44741821289062,172367140
2025-05-28,VOD.L,77.9000015258789,78.76000213623047,76.76000213623047,77.05999755859375,77.00772094726562,192910846
2025-05-29,VOD.L,77.0199966430664,77.4000015258789,76.05999755859375,76.86000061035156,76.80784606933594,64918484
2025-05-30,VOD.L,76.81999969482422,77.16000366210938,76.29399871826172,76.87999725341797,76.82784271240234,276578650
2025-06-02,VOD.L,76.68000030517578,77.25,76.19999694824219,76.77999877929688,76.72789764404297,63884582
2025-06-03,VOD.L,76.68000030517578,77.35199737548828,75.87999725341797,76.37999725341797,76.32817077636719,55294558
2025-06-04,VOD.L,76.04000091552734,76.58000183105469,75.72000122070312,75.87999725341797,75.82850646972656,71240284
2025-06-05,VOD.L,73.87999725341797,73.87999725341797,71.9000015258789,73.5,73.46904754638672,107138657
2025-06-06,VOD.L,73.72000122070312,74.5,73.26000213623047,73.4800033569336,73.44906616210938,224259137
2025-06-09,VOD.L,73.26000213623047,73.5,72.76000213623047,73.0999984741211,73.0692138671875,58107834
2025-06-10,VOD.L,73.4000015258789,73.9800033569336,72.63999938964844,72.81999969482422,72.78933715820312,83682534
2025-06-11,VOD.L,72.4800033569336,73.5199966430664,72.36000061035156,72.36000061035156,72.32953643798828,71799629
2025-06-12,VOD.L,72.19999694824219,73.7969970703125,72.19999694824219,73.4000015258789,73.36909484863281,106282014
2025-06-13,VOD.L,73.0,73.86000061035156,72.78500366210938,73.69999694824219,73.6689682006836,92163197
2025-06-16,VOD.L,73.76000213623047,76.0199966430664,73.72000122070312,75.63999938964844,75.608154296875,123217901
2025-06-17,VOD.L,75.4800033569336,75.4800033569336,74.62000274658203,74.94000244140625,74.908447265625,79473822
2025-06-18,VOD.L,75.0,75.54000091552734,74.31999969482422,75.23999786376953,75.20832061767578,97032901
2025-06-19,VOD.L,74.94000244140625,76.4000015258789,74.94000244140625,76.0,75.96800231933594,129213421
2025-06-20,VOD.L,76.12000274658203,77.73999786376953,75.83999633789062,76.58000183105469,76.5477523803711,279977555
2025-06-23,VOD.L,76.13999938964844,76.30799865722656,75.26000213623047,75.77999877929688,75.74809265136719,66120988
2025-06-24,VOD.L,75.91999816894531,76.77999877929688,75.54000091552734,76.5999984741211,76.5677490234375,73959072
2025-06-25,VOD.L,76.87999725341797,77.1510009765625,75.95999908447266,76.44000244140625,76.4078140258789,58903700
2025-06-26,VOD.L,76.62000274658203,78.04000091552734,76.58000183105469,77.63999938964844,77.60730743408203,100327300
2025-06-27,VOD.L,78.04000091552734,78.12000274658203,77.19999694824219,77.54000091552734,77.50735473632812,120238024
2025-06-30,VOD.L,77.45999908447266,78.18000030517578,77.08000183105469,77.77999877929688,77.74724578857422,98235467
2025-07-01,VOD.L,78.41999816894531,79.91999816894531,78.22599792480469,79.68000030517578,79.64644622802734,80456994
2025-07-02,VOD.L,79.68000030517578,80.13999938964844,78.41999816894531,78.77999877929688,78.746826171875,67421709
2025-07-03,VOD.L,79.04000091552734,79.68000030517578,78.69999694824219,79.23999786376953,79.20663452148438,51126632
2025-07-04,VOD.L,79.81999969482422,82.30000305175781,79.63999938964844,81.62000274658203,81.58563232421875,72891923
2025-07-07,VOD.L,81.86000061035156,82.44000244140625,67.5459976196289,80.95999908447266,80.92591094970703,59496886
2025-07-08,VOD.L,80.55999755859375,80.95999908447266,80.18000030517578,80.45999908447266,80.42611694335938,75265801
2025-07-09,VOD.L,80.55999755859375,81.36000061035156,80.5,80.54000091552734,80.50608825683594,53161917
2025-07-10,VOD.L,80.54000091552734,81.27999877929688,80.36000061035156,80.83999633789062,80.80596160888672,69643768
2025-07-11,VOD.L,80.77999877929688,81.51599884033203,80.44000244140625,80.44000244140625,80.40613555908203,44100713
2025-07-14,VOD.L,80.41999816894531,81.95999908447266,80.19999694824219,81.54000091552734,81.50566864013672,48457281
2025-07-15,VOD.L,81.58000183105469,81.83999633789062,80.72000122070312,80.80000305175781,80.76598358154297,42600923
2025-07-16,VOD.L,80.9800033569336,82.08000183105469,80.83599853515625,81.9000015258789,81.86551666259766,48629015
2025-07-17,VOD.L,81.83999633789062,82.33999633789062,81.58000183105469,82.0,81.96546936035156,57099478
2025-07-18,VOD.L,82.44000244140625,82.66000366210938,81.4000015258789,82.08000183105469,82.04544067382812,51908056
2025-07-21,VOD.L,82.58000183105469,83.30000305175781,82.18000030517578,83.08000183105469,83.0450210571289,62462034
2025-07-22,VOD.L,83.16000366210938,84.19999694824219,83.13999938964844,83.94000244140625,83.90465545654297,48988115
2025-07-23,VOD.L,84.05999755859375,84.41999816894531,82.77999877929688,83.16000366210938,83.12498474121094,51077314
2025-07-24,VOD.L,83.5199966430664,87.48799896240234,82.58000183105469,86.0199966430664,85.98377227783203,176990201
2025-07-25,VOD.L,85.9800033569336,86.4000015258789,84.54000091552734,85.05999755859375,85.02417755126953,102244021
2025-07-28,VOD.L,85.58000183105469,85.73999786376953,83.08000183105469,83.80000305175781,83.76471710205078,46835880
2025-07-29,VOD.L,83.4800033569336,83.83999633789062,82.44000244140625,83.30000305175781,83.26493072509766,59164321
2025-07-30,VOD.L,82.5999984741211,83.72000122070312,82.31999969482422,83.54000091552734,83.50482177734375,75588717
2025-07-31,VOD.L,82.54000091552734,82.88999938964844,80.68000030517578,82.0199966430664,81.98546600341797,84844420
2025-08-01,VOD.L,82.12000274658203,83.18000030517578,81.94000244140625,82.86000061035156,82.82511138916016,64721845
2025-08-04,VOD.L,82.91999816894531,83.16000366210938,82.23799896240234,82.87999725341797,82.84510040283203,100407769
2025-08-05,VOD.L,83.22000122070312,83.36000061035156,82.36000061035156,83.36000061035156,83.32489776611328,45566514
2025-08-06,VOD.L,83.69999694824219,86.55000305175781,82.68000030517578,85.44000244140625,85.4040298461914,65641079
2025-08-07,VOD.L,84.68000030517578,84.87999725341797,82.13999938964844,83.58000183105469,83.54480743408203,74155037
2025-08-08,VOD.L,84.0,85.05999755859375,83.91999816894531,84.58000183105469,84.54438781738281,41354560
2025-08-11,VOD.L,84.95999908447266,86.13999938964844,84.58000183105469,85.77999877929688,85.74388122558594,50338327
2025-08-12,VOD.L,85.9800033569336,86.54000091552734,85.68000030517578,85.94000244140625,85.90381622314453,43422348
2025-08-13,VOD.L,85.9000015258789,86.4000015258789,85.77999877929688,86.22000122070312,86.18370056152344,38619314
2025-08-14,VOD.L,86.19999694824219,86.55999755859375,85.76000213623047,86.04000091552734,86.00377655029297,27486757
2025-08-15,VOD.L,86.45999908447266,86.5999984741211,85.68000030517578,86.16000366210938,86.12371826171875,27151703
2025-08-18,VOD.L,86.44000244140625,87.18000030517578,85.9800033569336,87.04000091552734,87.00334930419922,35135555
2025-08-19,VOD.L,87.23999786376953,87.76000213623047,86.94000244140625,87.18000030517578,87.14329528808594,34568937
2025-08-20,VOD.L,87.33999633789062,88.80000305175781,86.73999786376953,88.41999816894531,88.38276672363281,40678972
2025-08-21,VOD.L,88.72000122070312,88.80000305175781,87.87999725341797,88.4800033569336,88.4427490234375,24271880
2025-08-22,VOD.L,88.5,89.19999694824219,88.22000122070312,88.63999938964844,88.60267639160156,29096868
2025-08-26,VOD.L,88.19999694824219,88.30999755859375,87.30000305175781,88.22000122070312,88.18285369873047,100869320
2025-08-27,VOD.L,88.87999725341797,89.6520004272461,88.5199966430664,89.33999633789062,89.30238342285156,48575113
2025-08-28,VOD.L,89.5199966430664,89.72000122070312,87.44000244140625,88.22000122070312,88.18285369873047,57493293
2025-08-29,VOD.L,88.4000015258789,88.69999694824219,87.58000183105469,88.36000061035156,88.32279205322266,46898351
2025-09-01,VOD.L,88.5199966430664,88.69999694824219,87.4000015258789,87.87999725341797,87.8429946899414,27518219
2025-09-02,VOD.L,87.73999786376953,87.83999633789062,85.4000015258789,87.4800033569336,87.44316864013672,52126520
2025-09-03,VOD.L,87.18000030517578,87.37999725341797,86.44000244140625,87.08000183105469,87.0433349609375,38378141
2025-09-04,VOD.L,87.13999938964844,88.62000274658203,86.30000305175781,87.9000015258789,87.86299133300781,33753542
2025-09-05,VOD.L,87.68000030517578,88.27999877929688,87.26000213623047,87.86000061035156,87.82300567626953,28225692
2025-09-08,VOD.L,87.77999877929688,88.19999694824219,87.05999755859375,87.26000213623047,87.22325897216797,44906142
2025-09-09,VOD.L,87.44000244140625,88.5199966430664,87.13999938964844,88.18000030517578,88.14286804199219,73286165
2025-09-10,VOD.L,87.58000183105469,87.87999725341797,86.4800033569336,86.86000061035156,86.82342529296875,36369948
2025-09-11,VOD.L,86.26000213623047,87.58799743652344,86.26000213623047,87.54000091552734,87.50314331054688,45623142
2025-09-12,VOD.L,87.86000061035156,88.22000122070312,87.30999755859375,87.80000305175781,87.7630386352539,96537862
2025-09-15,VOD.L,87.80000305175781,88.0,86.73999786376953,87.23999786376953,87.20326232910156,39787965
2025-09-16,VOD.L,87.16000366210938,87.18000030517578,85.33999633789062,86.41999816894531,86.38360595703125,44364574
2025-09-17,VOD.L,86.77999877929688,86.81999969482422,85.87999725341797,86.05999755859375,86.02375793457031,53215603
2025-09-18,VOD.L,85.63999938964844,85.95999908447266,84.44000244140625,84.5999984741211,84.56437683105469,64086659
2025-09-19,VOD.L,84.54000091552734,86.2699966430664,84.36000061035156,85.31999969482422,85.28407287597656,191323095
2025-09-22,VOD.L,84.83999633789062,85.13999938964844,84.26000213623047,84.63999938964844,84.60436248779297,73940236
2025-09-23,VOD.L,84.45999908447266,85.0,83.9000015258789,84.18000030517578,84.14456176757812,78347270
2025-09-24,VOD.L,84.69999694824219,85.0,83.7969970703125,84.41999816894531,84.38445281982422,43576174
2025-09-25,VOD.L,84.0,85.5,83.95999908447266,84.9000015258789,84.8642578125,43993659
2025-09-26,VOD.L,85.08000183105469,86.0999984741211,84.5999984741211,85.76000213623047,85.72389221191406,35901857
2025-09-29,VOD.L,85.72000122070312,86.0,85.04000091552734,85.66000366210938,85.62393188476562,34759076
2025-09-30,VOD.L,85.55999755859375,86.36000061035156,85.05999755859375,86.16000366210938,86.12371826171875,56385664
2025-10-01,VOD.L,86.23999786376953,86.63999938964844,85.81999969482422,86.19999694824219,86.1636962890625,35339383
2025-10-02,VOD.L,85.77999877929688,86.37999725341797,84.47599792480469,85.0199966430664,84.98419952392578,59710733
2025-10-03,VOD.L,85.0999984741211,85.77999877929688,84.41999816894531,84.41999816894531,84.38445281982422,45806234
2025-10-06,VOD.L,84.30000305175781,84.76000213623047,83.5,84.08000183105469,84.04459381103516,44400164
2025-10-07,VOD.L,84.22000122070312,84.5199966430664,83.45999908447266,84.19999694824219,84.16454315185547,40630059
2025-10-08,VOD.L,84.22000122070312,85.31999969482422,83.95999908447266,84.63999938964844,84.60436248779297,53458152
2025-10-09,VOD.L,84.44000244140625,85.45999908447266,84.30000305175781,85.41999816894531,85.384033203125,66269794
2025-10-10,VOD.L,85.45999908447266,86.58000183105469,85.13999938964844,85.44000244140625,85.4040298461914,57892482
2025-10-13,VOD.L,85.19999694824219,85.31999969482422,83.94000244140625,84.37999725341797,84.34446716308594,69685528
2025-10-14,VOD.L,83.5199966430664,85.4800033569336,83.4000015258789,85.16000366210938,85.1241455078125,45706545
2025-10-15,VOD.L,85.63999938964844,86.36000061035156,85.05999755859375,85.44000244140625,85.4040298461914,37728664
2025-10-16,VOD.L,85.68000030517578,86.05999755859375,85.08000183105469,86.0,85.96379089355469,26030426
2025-10-17,VOD.L,85.9000015258789,86.9800033569336,85.27999877929688,86.91999816894531,86.8833999633789,44810616
2025-10-20,VOD.L,86.9000015258789,87.36000061035156,86.45999908447266,86.77999877929688,86.74345397949219,47882211
2025-10-21,VOD.L,87.0,87.61000061035156,86.30000305175781,86.68000030517578,86.64350128173828,57734310
2025-10-22,VOD.L,87.37999725341797,88.4800033569336,87.13999938964844,88.26000213623047,88.22283935546875,51582049
2025-10-23,VOD.L,88.5199966430664,88.73999786376953,87.62000274658203,87.95999908447266,87.92295837402344,64507148
2025-10-24,VOD.L,87.86000061035156,88.77999877929688,87.03800201416016,88.77999877929688,88.74261474609375,27108956
2025-10-27,VOD.L,88.5,89.36000061035156,88.27999877929688,89.05999755859375,89.02249908447266,37332231
2025-10-28,VOD.L,89.58000183105469,93.5199966430664,88.45999908447266,93.0,92.9608383178711,100781706
2025-10-29,VOD.L,92.62000274658203,94.0,90.63999938964844,90.94000244140625,90.9017105102539,86544156
2025-10-30,VOD.L,91.13999938964844,91.83999633789062,90.66000366210938,91.31999969482422,91.28154754638672,31665075
2025-10-31,VOD.L,91.19999694824219,92.31999969482422,90.62000274658203,92.13999938964844,92.10120391845703,45615238
2025-11-03,VOD.L,89.9800033569336,91.05999755859375,87.22000122070312,87.36000061035156,87.3232192993164,97872776
2025-11-04,VOD.L,86.5,87.0999984741211,85.23500061035156,86.5999984741211,86.56352996826172,51228184
2025-11-05,VOD.L,86.54000091552734,87.16000366210938,85.81999969482422,86.91999816894531,86.8833999633789,45444399
2025-11-06,VOD.L,86.5999984741211,87.27999877929688,85.9000015258789,87.16000366210938,87.12330627441406,69951925
2025-11-07,VOD.L,86.95999908447266,88.69999694824219,86.76000213623047,88.36000061035156,88.32279205322266,111386455
2025-11-10,VOD.L,87.5199966430664,88.91999816894531,87.31999969482422,88.91999816894531,88.88256072998047,107133777
2025-11-11,VOD.L,93.23999786376953,96.33999633789062,91.23999786376953,96.31999969482422,96.2794418334961,136970985
2025-11-12,VOD.L,94.95999908447266,96.30000305175781,94.62000274658203,94.87999725341797,94.84004974365234,106767813
2025-11-13,VOD.L,94.0,95.37999725341797,92.19999694824219,95.37999725341797,95.33983612060547,66542212
2025-11-14,VOD.L,94.91999816894531,95.26000213623047,93.31999969482422,93.94000244140625,93.90045166015625,37723643
2025-11-17,VOD.L,93.66000366210938,95.18099975585938,93.18000030517578,93.62000274658203,93.5805892944336,51343090
2025-11-18,VOD.L,93.33999633789062,93.42900085449219,91.87999725341797,93.04000091552734,93.00082397460938,45161631
2025-11-19,VOD.L,92.91999816894531,93.41999816894531,91.77999877929688,91.77999877929688,91.7413558959961,101386954
2025-11-20,VOD.L,90.0199966430664,90.83799743652344,89.33999633789062,89.81999969482422,89.80126953125,140961108
2025-11-21,VOD.L,88.76000213623047,90.19999694824219,88.39800262451172,90.0199966430664,90.00122833251953,67267918
2025-11-24,VOD.L,90.30000305175781,90.77999877929688,89.44000244140625,90.37999725341797,90.36115264892578,148791509
2025-11-25,VOD.L,90.22000122070312,92.9800033569336,90.04000091552734,92.5199966430664,92.5007095336914,72638958
2025-11-26,VOD.L,91.72000122070312,94.62000274658203,91.5999984741211,94.08000183105469,94.06038665771484,124769669
2025-11-27,VOD.L,94.13999938964844,94.63999938964844,93.5,94.26000213623047,94.24034881591797,37985363
2025-11-28,VOD.L,94.4000015258789,94.76000213623047,93.91999816894531,94.0199966430664,94.00039672851562,63140157
2025-12-01,VOD.L,94.12000274658203,94.31999969482422,92.36000061035156,92.36000061035156,92.34074401855469,69909085
2025-12-02,VOD.L,92.12000274658203,94.80000305175781,92.08000183105469,93.94000244140625,93.92041778564453,70673720
2025-12-03,VOD.L,94.0,95.29000091552734,93.26000213623047,95.04000091552734,95.02018737792969,79607409
2025-12-04,VOD.L,95.16000366210938,95.80000305175781,94.08999633789062,95.30000305175781,95.28013610839844,210237759
2025-12-05,VOD.L,95.08000183105469,95.69999694824219,93.5,93.91999816894531,93.9004135131836,99958195
2025-12-08,VOD.L,95.69999694824219,96.12000274658203,94.13999938964844,94.13999938964844,94.12036895751953,50614106
2025-12-09,VOD.L,94.0,95.73999786376953,94.0,94.55999755859375,94.540283203125,48578953
2025-12-10,VOD.L,94.0199966430664,94.86000061035156,93.26000213623047,94.5,94.48029327392578,50801054
2025-12-11,VOD.L,94.0199966430664,96.0,94.0,94.26000213623047,94.24034881591797,79274155
2025-12-12,VOD.L,94.12000274658203,95.54000091552734,94.08000183105469,94.62000274658203,94.60027313232422,37385407
2025-12-15,VOD.L,95.0199966430664,95.9800033569336,94.4800033569336,95.5999984741211,95.58006286621094,54834504
2025-12-16,VOD.L,95.68000030517578,95.80000305175781,94.08200073242188,94.95999908447266,94.94020080566406,89075006
2025-12-17,VOD.L,95.18000030517578,96.60800170898438,95.12000274658203,95.66000366210938,95.64006042480469,98961698
2025-12-18,VOD.L,95.94000244140625,97.04199981689453,95.4800033569336,96.4800033569336,96.45988464355469,116443570
2025-12-19,VOD.L,96.04000091552734,109.48600006103516,95.94999694824219,96.58000183105469,96.55986785888672,160406439
2025-12-22,VOD.L,96.55999755859375,96.80000305175781,95.54000091552734,96.04000091552734,96.01997375488281,70697433
2025-12-23,VOD.L,96.04000091552734,97.30000305175781,95.98300170898438,96.95999908447266,96.93978118896484,70962194
2025-12-24,VOD.L,97.16000366210938,97.63999938964844,96.93399810791016,97.26000213623047,97.2397232055664,14971465
2025-12-29,VOD.L,97.22000122070312,98.04000091552734,96.5199966430664,97.5,97.47967529296875,38748973
2025-12-30,VOD.L,97.5199966430664,99.0999984741211,97.5199966430664,98.54000091552734,98.51945495605469,69574911
2025-12-31,VOD.L,99.0,99.91999816894531,98.66000366210938,98.87999725341797,98.85938262939453,41365302
2025-01-02,NG.L,952.4000244140625,963.4000244140625,950.0,960.0,959.3447875976562,4098784
2025-01-03,NG.L,959.2000122070312,961.2000122070312,951.2000122070312,951.7999877929688,951.150390625,4362089
2025-01-06,NG.L,947.7999877929688,952.0,933.0,942.2000122070312,941.556884765625,6182181
2025-01-07,NG.L,937.7999877929688,945.0,932.0,939.7999877929688,939.1585083007812,4999670
2025-01-08,NG.L,934.7999877929688,938.0,920.1300048828125,932.0,931.3638305664062,5344665
2025-01-09,NG.L,935.5999755859375,942.7999877929688,927.7999877929688,934.7999877929688,934.1619262695312,4260323
2025-01-10,NG.L,932.0,934.5040283203125,912.7999877929688,918.4000244140625,917.773193359375,6767355
2025-01-13,NG.L,913.7999877929688,925.5999755859375,912.4000244140625,915.7999877929688,915.1749267578125,6573966
2025-01-14,NG.L,916.0,920.0,909.7999877929688,910.7999877929688,910.17822265625,6611363
2025-01-15,NG.L,924.0,937.4000244140625,919.5999755859375,935.5999755859375,934.9613647460938,8526481
2025-01-16,NG.L,933.5999755859375,949.0,927.0,949.0,948.3522338867188,8107643
2025-01-17,NG.L,968.0,971.7999877929688,958.7670288085938,963.2000122070312,962.5425415039062,11483250
2025-01-20,NG.L,976.2000122070312,981.5999755859375,966.0,966.0,965.3406982421875,6543134
2025-01-21,NG.L,968.4000244140625,980.4000244140625,965.7999877929688,976.7999877929688,976.13330078125,22532886
2025-01-22,NG.L,981.5999755859375,985.010009765625,962.0,963.4000244140625,962.742431640625,7062488
2025-01-23,NG.L,961.5999755859375,970.5999755859375,961.5999755859375,969.7999877929688,969.1380615234375,6897608
2025-01-24,NG.L,971.4000244140625,972.7999877929688,950.4000244140625,955.0,954.34814453125,7167788
2025-01-27,NG.L,954.4000244140625,974.5999755859375,954.0,961.2000122070312,960.5440063476562,6875061
2025-01-28,NG.L,971.0,987.0,967.5999755859375,970.4000244140625,969.7376098632812,6247073
2025-01-29,NG.L,968.4000244140625,972.7999877929688,958.7999877929688,968.5999755859375,967.9389038085938,6507539
2025-01-30,NG.L,968.0,980.5999755859375,962.0,976.0,975.3338012695312,5381218
2025-01-31,NG.L,977.4000244140625,984.7999877929688,976.5999755859375,979.7999877929688,979.1312255859375,8698246
2025-02-03,NG.L,978.2000122070312,989.4000244140625,973.5989990234375,986.2000122070312,985.52685546875,6124905
2025-02-04,NG.L,985.0,987.5999755859375,975.7999877929688,984.2000122070312,983.5281982421875,5382053
2025-02-05,NG.L,981.2000122070312,991.7999877929688,978.5999755859375,991.7999877929688,991.123046875,4815190
2025-02-06,NG.L,991.4000244140625,997.7999877929688,976.7999877929688,977.2000122070312,976.5330200195312,7933859
2025-02-07,NG.L,979.0,987.5999755859375,975.0,982.4000244140625,981.7294921875,4713517
2025-02-10,NG.L,981.4000244140625,986.2009887695312,973.2000122070312,977.2000122070312,976.5330200195312,7248600
2025-02-11,NG.L,981.2000122070312,982.4000244140625,967.2000122070312,968.2000122070312,967.5391845703125,10671930
2025-02-12,NG.L,969.2000122070312,972.5999755859375,949.2000122070312,954.4000244140625,953.7485961914062,9688649
2025-02-13,NG.L,954.5999755859375,963.2000122070312,946.4000244140625,962.0,961.3433837890625,13262450
2025-02-14,NG.L,963.0,963.4000244140625,950.552001953125,957.2000122070312,956.546630859375,14931762
2025-02-17,NG.L,953.2000122070312,958.0,952.0,955.4000244140625,954.7479248046875,3762611
2025-02-18,NG.L,955.0,957.5999755859375,940.2000122070312,943.5999755859375,942.9559936523438,8009524
2025-02-19,NG.L,941.4000244140625,953.0,941.4000244140625,953.0,952.3495483398438,9779843
2025-02-20,NG.L,958.0,958.0,945.4000244140625,952.7999877929688,952.1495971679688,6670955
2025-02-21,NG.L,949.7999877929688,958.2000122070312,944.2999877929688,958.2000122070312,957.5460205078125,9898112
2025-02-24,NG.L,965.2000122070312,977.0,961.7999877929688,977.0,976.3331298828125,7508377
2025-02-25,NG.L,976.7999877929688,981.3870239257812,972.5999755859375,980.0,979.3311157226562,9288344
2025-02-26,NG.L,985.2000122070312,987.7999877929688,975.4000244140625,977.7999877929688,977.132568359375,5280038
2025-02-27,NG.L,976.5999755859375,980.2000122070312,963.2000122070312,966.4000244140625,965.7404174804688,10072878
2025-02-28,NG.L,965.2000122070312,978.2000122070312,964.4000244140625,975.0,974.33447265625,10948942
2025-03-03,NG.L,970.0,971.0,945.4000244140625,957.2000122070312,956.546630859375,10233347
2025-03-04,NG.L,958.7999877929688,978.2000122070312,955.0,972.0,971.3366088867188,11870264
2025-03-05,NG.L,954.0,956.7999877929688,929.3499755859375,933.5999755859375,932.9627685546875,22542849
2025-03-06,NG.L,932.5999755859375,933.5999755859375,910.5999755859375,919.7999877929688,919.1721801757812,12321809
2025-03-07,NG.L,922.4000244140625,930.4000244140625,916.4000244140625,929.7999877929688,929.1653442382812,6124256
2025-03-10,NG.L,929.7999877929688,960.7999877929688,929.2000122070312,955.5999755859375,954.94775390625,13711206
2025-03-11,NG.L,959.5999755859375,965.5999755859375,951.7999877929688,956.7999877929688,956.1469116210938,10609748
2025-03-12,NG.L,955.7999877929688,958.7379760742188,944.7999877929688,953.0,952.3495483398438,14252395
2025-03-13,NG.L,954.4000244140625,960.7999877929688,948.0,956.4000244140625,955.7471923828125,6476884
2025-03-14,NG.L,957.4000244140625,966.7999877929688,950.7999877929688,966.2000122070312,965.54052734375,14521852
2025-03-17,NG.L,974.5999755859375,980.4000244140625,966.2000122070312,976.5999755859375,975.9334106445312,8634375
2025-03-18,NG.L,975.0,979.7999877929688,966.0,969.7999877929688,969.1380615234375,9006799
2025-03-19,NG.L,973.2000122070312,975.2000122070312,964.5999755859375,973.7999877929688,973.1353149414062,11407416
2025-03-20,NG.L,976.2000122070312,996.2000122070312,975.135009765625,993.7999877929688,993.1216430664062,10412955
2025-03-21,NG.L,995.0,997.0,978.2000122070312,981.7999877929688,981.1298217773438,21667907
2025-03-24,NG.L,976.2000122070312,984.7999877929688,962.4000244140625,967.2000122070312,966.5398559570312,6137883
2025-03-25,NG.L,966.0,977.2000122070312,965.2000122070312,965.2000122070312,964.5411987304688,9038257
2025-03-26,NG.L,968.0,979.5999755859375,962.5999755859375,979.5999755859375,978.9313354492188,6730240
2025-03-27,NG.L,978.4000244140625,986.0,974.0,981.4000244140625,980.7301635742188,7780981
2025-03-28,NG.L,986.2000122070312,1012.0,985.4000244140625,1009.5,1008.8109130859375,10516181
2025-03-31,NG.L,1008.0,1016.0,1004.5,1009.5,1008.8109130859375,10020573
2025-04-01,NG.L,1009.5,1013.5,999.0,1012.5,1011.8088989257812,12295722
2025-04-02,NG.L,1009.5,1018.0,1005.5,1008.0,1007.31201171875,6344028
2025-04-03,NG.L,1017.5,1064.0,1015.0,1053.0,1052.2813720703125,12245628
2025-04-04,NG.L,1056.0,1078.5,1031.5,1034.0,1033.2943115234375,19218747
2025-04-07,NG.L,1002.0,1013.0,967.0,971.7999877929688,971.1366577148438,21054553
2025-04-08,NG.L,977.0,997.2000122070312,949.5999755859375,991.2000122070312,990.5234375,12834330
2025-04-09,NG.L,979.7999877929688,985.4000244140625,967.4000244140625,973.2000122070312,972.5357666015625,13340200
2025-04-10,NG.L,994.7999877929688,1005.5,972.5999755859375,996.2000122070312,995.52001953125,10209632
2025-04-11,NG.L,1004.0,1020.5,995.7999877929688,1012.0,1011.3092651367188,12786873
2025-04-14,NG.L,1024.0,1036.5,1014.5,1036.5,1035.7926025390625,9477518
2025-04-15,NG.L,1043.5,1060.0,1037.5,1054.5,1053.7801513671875,13509248
2025-04-16,NG.L,1071.0,1076.5,1063.0,1076.5,1075.7652587890625,11891055
2025-04-17,NG.L,1068.0,1083.0,1063.0,1079.0,1078.2635498046875,9887470
2025-04-22,NG.L,1076.5,1096.5,1074.0,1093.0,1092.2540283203125,7684462
2025-04-23,NG.L,1101.5,1103.5,1057.0,1068.0,1067.27099609375,12487882
2025-04-24,NG.L,1071.0,1081.5,1064.0,1076.0,1075.265625,11089282
2025-04-25,NG.L,1072.0,1076.5,1064.5,1072.0,1071.268310546875,6665927
2025-04-28,NG.L,1076.0,1081.5,1064.5,1072.0,1071.268310546875,9041338
2025-04-29,NG.L,1069.5,1080.5,1061.0,1080.0,1079.2628173828125,7425170
2025-04-30,NG.L,1080.0,1089.0,1074.5,1083.0,1082.2607421875,17231139
2025-05-01,NG.L,1081.0,1081.041015625,1065.0,1071.5,1070.7685546875,4733875
2025-05-02,NG.L,1062.0,1072.5,1059.9849853515625,1066.5,1065.7720947265625,11320850
2025-05-06,NG.L,1071.0,1074.5,1065.0,1072.0,1071.268310546875,11769736
2025-05-07,NG.L,1075.5,1078.5,1063.5,1076.0,1075.265625,14522848
2025-05-08,NG.L,1077.5,1078.5,1055.0,1055.0,1054.27978515625,12866531
2025-05-09,NG.L,1052.5,1062.0,1049.0,1054.0,1053.280517578125,7011406
2025-05-12,NG.L,1056.5,1060.5,1013.0,1024.5,1023.8006591796875,10013046
2025-05-13,NG.L,1022.0,1033.5,1005.0,1006.5,1005.8130493164062,10007633
2025-05-14,NG.L,1004.5,1022.5,1000.0,1015.5,1014.8068237304688,28086318
2025-05-15,NG.L,1056.0,1056.0350341796875,1021.0,1046.0,1045.2861328125,25277420
2025-05-16,NG.L,1053.5,1061.5,1044.9029541015625,1061.5,1060.7755126953125,19648547
2025-05-19,NG.L,1066.0,1070.0,1051.5030517578125,1070.0,1069.2696533203125,7357500
2025-05-20,NG.L,1079.0,1090.0760498046875,1074.5,1087.5,1086.7578125,8891813
2025-05-21,NG.L,1082.0,1103.0,1081.0,1094.5,1093.7528076171875,11910306
2025-05-22,NG.L,1091.0,1101.0,1073.5,1088.5,1087.7569580078125,12107303
2025-05-23,NG.L,1095.5,1095.5,1079.5,1091.0,1090.25537109375,8177094
2025-05-27,NG.L,1098.0,1103.5,1085.0,1085.5,1084.759033203125,9829368
2025-05-28,NG.L,1085.0,1090.0,1070.0,1071.5,1070.7685546875,9761002
2025-05-29,NG.L,1032.0,1041.5,1025.5,1031.0,1030.59326171875,13991115
2025-05-30,NG.L,1041.5,1050.3819580078125,1028.5,1046.5,1046.087158203125,17813626
2025-06-02,NG.L,1050.5,1054.5,1040.5,1043.5,1043.08837890625,9591848
2025-06-03,NG.L,1051.5,1057.0,1040.5,1040.5,1040.089599609375,11364869
2025-06-04,NG.L,1044.0,1046.5,1035.0,1040.5,1040.089599609375,15139436
2025-06-05,NG.L,1037.0,1040.5,1032.5,1036.0,1035.59130859375,7067418
2025-06-06,NG.L,1039.5,1042.0,1034.5,1037.5,1037.0906982421875,4285510
2025-06-09,NG.L,1035.0,1037.0,1028.0,1036.5,1036.091064453125,5549015
2025-06-10,NG.L,1040.5,1044.0,1036.5,1041.0,1040.58935546875,6182150
2025-06-11,NG.L,1044.0,1049.0,1038.5,1046.5,1046.087158203125,9709214
2025-06-12,NG.L,1048.0,1060.0,1046.5,1060.0,1059.581787109375,9596236
2025-06-13,NG.L,1060.0,1066.0,1055.0,1063.0,1062.5806884765625,8112170
2025-06-16,NG.L,1058.5,1060.5,1051.5,1053.0,1052.5845947265625,11056039
2025-06-17,NG.L,1043.0,1053.5,1042.0,1048.5,1048.0863037109375,13465559
2025-06-18,NG.L,1051.5,1055.5,1045.0,1045.0,1044.587646484375,10742196
2025-06-19,NG.L,1045.0,1046.2650146484375,1038.0,1046.0,1045.5872802734375,6517654
2025-06-20,NG.L,1047.5,1049.5,1039.0,1049.0,1048.586181640625,20476411
2025-06-23,NG.L,1040.5,1077.0,1038.5,1077.0,1076.5750732421875,6788042
2025-06-24,NG.L,1077.0,1079.0,1065.5,1067.5,1067.078857421875,18799237
2025-06-25,NG.L,1065.5,1071.5,1060.5,1064.5,1064.080078125,13598349
2025-06-26,NG.L,1068.5,1076.5,1066.0,1071.0,1070.5775146484375,8924839
2025-06-27,NG.L,1072.5,1084.0,1063.5,1063.5,1063.0804443359375,13995171
2025-06-30,NG.L,1067.5,1069.5,1058.0,1061.5,1061.0811767578125,9975510
2025-07-01,NG.L,1068.0,1086.0,1066.5,1073.0,1072.57666015625,14379095
2025-07-02,NG.L,1075.5,1079.0,1031.5,1031.5,1031.093017578125,11305440
2025-07-03,NG.L,1027.5,1050.5,1027.5,1041.5,1041.0892333984375,7958878
2025-07-04,NG.L,1040.0,1050.0,1038.0,1047.0,1046.5869140625,5882258
2025-07-07,NG.L,1046.5,1048.0,1031.5,1035.5,1035.0914306640625,10066900
2025-07-08,NG.L,1033.0,1036.5,1018.5,1031.0,1030.59326171875,9114160
2025-07-09,NG.L,1029.5,1034.0,1026.5,1033.5,1033.09228515625,6360570
2025-07-10,NG.L,1040.0,1042.0,1020.5,1026.0,1025.59521484375,9463492
2025-07-11,NG.L,1025.5,1031.5,1021.5,1028.0,1027.594482421875,14000762
2025-07-14,NG.L,1033.0,1051.5,1030.1300048828125,1049.0,1048.586181640625,12385151
2025-07-15,NG.L,1050.0,1051.5,1042.5,1045.0,1044.587646484375,10405557
2025-07-16,NG.L,1051.5,1051.5,1040.5,1045.0,1044.587646484375,14928626
2025-07-17,NG.L,1039.0,1056.0,1039.0,1050.0,1049.5858154296875,8577694
2025-07-18,NG.L,1055.5,1062.5,1050.31005859375,1059.5,1059.08203125,7936648
2025-07-21,NG.L,1061.0,1073.0,1057.0,1073.0,1072.57666015625,6676907
2025-07-22,NG.L,1074.5,1085.1510009765625,1070.5,1084.5,1084.072265625,9264584
2025-07-23,NG.L,1084.0,1084.5,1061.5,1062.5,1062.080810546875,13111699
2025-07-24,NG.L,1056.5,1066.698974609375,1051.5,1060.5,1060.0816650390625,7833893
2025-07-25,NG.L,1064.0,1065.5,1048.0,1062.0,1061.5810546875,4900714
2025-07-28,NG.L,1066.0,1068.0,1052.0,1054.5,1054.083984375,4660147
2025-07-29,NG.L,1044.0,1051.5,1040.0,1044.0,1043.5882568359375,10152594
2025-07-30,NG.L,1052.0,1055.552978515625,1041.5,1055.5,1055.0836181640625,14338980
2025-07-31,NG.L,1051.5,1060.0,1047.0,1060.0,1059.581787109375,8129288
2025-08-01,NG.L,1056.0,1080.5,1050.0,1079.5,1079.07421875,13042412
2025-08-04,NG.L,1075.5,1090.5,1072.5,1087.5,1087.0709228515625,6272141
2025-08-05,NG.L,1089.0,1093.5,1079.5,1084.0,1083.5723876953125,5151546
2025-08-06,NG.L,1085.5,1088.0,1074.5,1082.5,1082.072998046875,7658369
2025-08-07,NG.L,1076.5,1078.5,1055.5,1067.5,1067.078857421875,6501733
2025-08-08,NG.L,1069.5,1074.9959716796875,1052.0,1052.0,1051.5849609375,6747250
2025-08-11,NG.L,1053.0,1056.5,1049.5,1056.5,1056.083251953125,4149607
2025-08-12,NG.L,1057.0,1065.0,1030.0,1034.0,1033.592041015625,8392088
2025-08-13,NG.L,1038.0,1045.0,1031.5,1033.0,1032.5924072265625,6496430
2025-08-14,NG.L,1042.0,1051.5,1037.0,1051.5,1051.085205078125,7990625
2025-08-15,NG.L,1054.5,1057.5,1044.0,1044.0,1043.5882568359375,4903489
2025-08-18,NG.L,1050.0,1058.5,1040.0,1040.0,1039.5897216796875,7124714
2025-08-19,NG.L,1041.0,1045.0,1037.5,1041.0,1040.58935546875,4263409
2025-08-20,NG.L,1048.0,1065.0,1039.5,1060.5,1060.0816650390625,4198385
2025-08-21,NG.L,1059.0,1062.5,1053.5,1059.5,1059.08203125,4768111
2025-08-22,NG.L,1055.0,1059.5,1049.0,1049.0,1048.586181640625,3768661
2025-08-26,NG.L,1054.0,1054.0,1041.0,1047.0,1046.5869140625,14462811
2025-08-27,NG.L,1050.0,1068.0,1048.5,1058.0,1057.5826416015625,5985964
2025-08-28,NG.L,1059.5,1060.5,1044.5,1048.0,1047.5865478515625,12548232
2025-08-29,NG.L,1045.5,1051.5,1040.0,1041.0,1040.58935546875,8628492
2025-09-01,NG.L,1040.0,1043.0,1018.2750244140625,1019.5,1019.0978393554688,3702827
2025-09-02,NG.L,1016.0,1019.5,1000.0,1010.5,1010.1013793945312,8891292
2025-09-03,NG.L,1011.0,1019.0,1006.0,1018.0,1017.5984497070312,11267131
2025-09-04,NG.L,1017.0,1033.0,1016.0,1020.5,1020.0974731445312,8576146
2025-09-05,NG.L,1018.0,1034.5,1014.0,1034.0,1033.592041015625,7213557
2025-09-08,NG.L,1035.5,1035.5,1026.0,1032.0,1031.5928955078125,6458379
2025-09-09,NG.L,1034.0,1037.0,1025.0,1031.5,1031.093017578125,6073878
2025-09-10,NG.L,1033.5,1039.0,1032.0,1036.5,1036.091064453125,5927083
2025-09-11,NG.L,1040.0,1041.5,1030.0,1038.0,1037.590576171875,5580880
2025-09-12,NG.L,1046.0,1057.0,1044.0,1048.5,1048.0863037109375,5355084
2025-09-15,NG.L,1053.0,1060.0,1043.5,1048.5,1048.0863037109375,13108978
2025-09-16,NG.L,1049.5,1049.5,1036.5,1038.5,1038.09033203125,8141703
2025-09-17,NG.L,1035.0,1049.0,1033.5,1039.0,1038.590087890625,5039947
2025-09-18,NG.L,1037.5,1041.0,1029.0,1031.5,1031.093017578125,13641572
2025-09-19,NG.L,1026.0,1042.5,1026.0,1035.0,1034.5916748046875,23651117
2025-09-22,NG.L,1033.5,1047.0770263671875,1030.5,1038.5,1038.09033203125,4207477
2025-09-23,NG.L,1044.5,1053.0,1038.5,1039.0,1038.590087890625,8667891
2025-09-24,NG.L,1050.5,1058.5,1045.5,1049.5,1049.0859375,7873853
2025-09-25,NG.L,1046.0,1059.0,1041.5,1050.0,1049.5858154296875,9908891
2025-09-26,NG.L,1051.5,1058.0,1047.5,1056.0,1055.58349609375,6216517
2025-09-29,NG.L,1061.5,1065.9990234375,1047.5,1056.5,1056.083251953125,7213368
2025-09-30,NG.L,1055.0,1074.0,1049.5,1067.5,1067.078857421875,14343480
2025-10-01,NG.L,1075.0,1081.5,1064.0,1075.0,1074.575927734375,7867370
2025-10-02,NG.L,1069.5,1075.0,1058.5,1070.0,1069.5780029296875,6442541
2025-10-03,NG.L,1073.5,1079.0,1068.0,1077.5,1077.074951171875,3533866
2025-10-06,NG.L,1081.0,1083.0,1069.5,1081.5,1081.0733642578125,4395899
2025-10-07,NG.L,1091.0,1092.5,1075.5,1092.5,1092.0689697265625,10706956
2025-10-08,NG.L,1096.5,1097.0,1087.5,1091.0,1090.569580078125,15807358
2025-10-09,NG.L,1096.0,1101.5,1092.0,1098.5,1098.066650390625,10936286
2025-10-10,NG.L,1100.5,1105.5999755859375,1098.22998046875,1105.5,1105.0638427734375,8830204
2025-10-13,NG.L,1111.5,1111.5,1093.5,1095.5,1095.06787109375,12981948
2025-10-14,NG.L,1096.5,1110.0,1095.302001953125,1101.5,1101.0654296875,15170393
2025-10-15,NG.L,1107.5,1109.0,1086.25,1109.0,1108.5625,8941160
2025-10-16,NG.L,1116.0,1128.0999755859375,1109.5,1122.5,1122.0572509765625,6936236
2025-10-17,NG.L,1126.0,1132.0,1114.5,1130.0,1129.55419921875,8288104
2025-10-20,NG.L,1133.0,1136.5,1125.0,1132.0,1131.553466796875,12660634
2025-10-21,NG.L,1132.0,1146.5,1130.5,1139.0,1138.55078125,8129343
2025-10-22,NG.L,1143.0,1150.5,1141.5,1145.0,1144.54833984375,11051577
2025-10-23,NG.L,1140.0,1151.5,1138.5,1147.0,1146.5474853515625,4674940
2025-10-24,NG.L,1146.0,1153.5,1139.5,1151.0,1150.5460205078125,4949512
2025-10-27,NG.L,1147.0,1160.0,1143.0,1149.0,1148.5467529296875,7617909
2025-10-28,NG.L,1152.0,1156.0,1142.0,1151.5,1151.0457763671875,7009076
2025-10-29,NG.L,1148.5,1151.5,1136.0,1146.5,1146.0477294921875,6436630
2025-10-30,NG.L,1146.0,1153.5,1143.5,1153.5,1153.0450439453125,5960288
2025-10-31,NG.L,1151.5,1154.0,1138.0,1140.0,1139.55029296875,8278395
2025-11-03,NG.L,1138.5,1141.5,1128.0,1134.5,1134.052490234375,6039783
2025-11-04,NG.L,1135.5,1144.5,1127.0,1144.5,1144.0484619140625,6625773
2025-11-05,NG.L,1146.5,1156.0,1144.0,1151.5,1151.0457763671875,7394289
2025-11-06,NG.L,1180.0,1184.0,1139.0,1160.5,1160.042236328125,14952122
2025-11-07,NG.L,1164.0,1170.5,1149.0,1170.5,1170.0382080078125,17676244
2025-11-10,NG.L,1170.0,1171.5,1147.5,1165.0,1164.5404052734375,8606454
2025-11-11,NG.L,1173.5,1177.0,1161.0,1163.0,1162.541259765625,8467312
2025-11-12,NG.L,1169.5,1179.5,1156.0,1177.0,1176.5357666015625,14089141
2025-11-13,NG.L,1176.5,1182.0,1166.5,1182.0,1181.53369140625,18728252
2025-11-14,NG.L,1171.0,1174.75,1157.5,1169.5,1169.03857421875,7286242
2025-11-17,NG.L,1168.5,1178.0,1167.5,1178.0,1177.5352783203125,23003838
2025-11-18,NG.L,1168.0,1183.5,1165.5,1172.0,1171.53759765625,10455062
2025-11-19,NG.L,1167.0,1170.5,1156.0,1156.0,1155.5439453125,8904710
2025-11-20,NG.L,1138.0,1148.5,1137.0,1139.5,1139.211669921875,13581123
2025-11-21,NG.L,1142.0,1143.0,1131.5,1138.5,1138.2119140625,10429343
2025-11-24,NG.L,1135.0,1135.0,1115.989013671875,1116.0,1115.717529296875,18105776
2025-11-25,NG.L,1117.5,1127.5,1112.0,1123.5,1123.2156982421875,7701936
2025-11-26,NG.L,1120.0,1134.5,1111.5,1134.5,1134.212890625,16152788
2025-11-27,NG.L,1134.5,1145.5,1131.0,1144.0,1143.71044921875,9592897
2025-11-28,NG.L,1145.0,1147.0,1139.5,1146.5,1146.2098388671875,7734712
2025-12-01,NG.L,1144.0,1151.0,1139.0,1144.0,1143.71044921875,11177715
2025-12-02,NG.L,1148.0,1160.0,1145.5,1150.5,1150.2088623046875,10164908
2025-12-03,NG.L,1148.5,1148.5,1134.260009765625,1143.5,1143.2105712890625,6983847
2025-12-04,NG.L,1144.0,1144.5,1131.5,1142.5,1142.2108154296875,11177683
2025-12-05,NG.L,1135.5,1142.5,1133.0,1134.5,1134.212890625,5412287
2025-12-08,NG.L,1135.0,1141.5,1132.5,1135.5,1135.212646484375,4842975
2025-12-09,NG.L,1131.0,1137.5,1126.5,1129.0,1128.7142333984375,8757795
2025-12-10,NG.L,1129.5,1131.5279541015625,1117.0,1117.0,1116.71728515625,7994859
2025-12-11,NG.L,1109.5,1119.0,1102.5,1116.0,1115.717529296875,6585512
2025-12-12,NG.L,1118.5,1125.0,1110.5,1118.5,1118.2169189453125,6597912
2025-12-15,NG.L,1121.5,1131.0,1120.0,1126.0,1125.715087890625,11972785
2025-12-16,NG.L,1130.5,1136.551025390625,1119.5,1121.5,1121.2161865234375,9370385
2025-12-17,NG.L,1132.5,1151.5,1127.5,1144.5,1144.2103271484375,8137190
2025-12-18,NG.L,1152.0,1152.0,1135.5,1142.0,1141.7109375,7128526
2025-12-19,NG.L,1144.0,1145.5,1129.5,1141.5,1141.2110595703125,27109960
2025-12-22,NG.L,1124.0,1132.0,1122.0,1128.0,1127.7144775390625,7302696
2025-12-23,NG.L,1129.5,1141.5,1128.0,1138.0,1137.7120361328125,4153948
2025-12-24,NG.L,1140.0,1140.0,1135.0,1137.5,1137.212158203125,926167
2025-12-29,NG.L,1141.0,1145.0,1134.0,1141.0,1140.711181640625,4671240
2025-12-30,NG.L,1139.0,1147.5,1136.5,1147.5,1147.2095947265625,3913846
2025-12-31,NG.L,1152.0,1152.0,1141.5,1141.5,1141.2110595703125,2448313
2025-01-02,REL.L,3622.0,3692.0,3602.0,3680.0,3678.7265625,2592182
2025-01-03,REL.L,3670.0,3680.0,3630.0,3650.0,3648.7373046875,1584098
2025-01-06,REL.L,3654.0,3682.0,3638.0,3666.0,3664.7314453125,2311874
2025-01-07,REL.L,3655.0,3700.0,3637.0,3699.0,3697.72021484375,2008568
2025-01-08,REL.L,3716.0,3775.0,3706.0,3775.0,3773.693603515625,2252488
2025-01-09,REL.L,3787.0,3820.0,3781.0,3806.0,3804.68310546875,2298487
2025-01-10,REL.L,3805.0,3826.0,3795.0,3811.0,3809.68115234375,4557117
2025-01-13,REL.L,3794.0,3799.0,3708.0,3765.0,3763.697021484375,2887796
2025-01-14,REL.L,3764.0,3793.0,3758.0,3763.0,3761.697998046875,1915398
2025-01-15,REL.L,3790.0,3837.5009765625,3780.0,3829.0,3827.6748046875,2392902
2025-01-16,REL.L,3836.0,3911.361083984375,3818.0,3902.0,3900.649658203125,2370853
2025-01-17,REL.L,3925.0,3960.0,3912.0,3951.0,3949.6328125,3338673
2025-01-20,REL.L,3949.0,3973.0,3946.0,3965.0,3963.628173828125,2101527
2025-01-21,REL.L,3981.0,4008.0,3976.0,3996.0,3994.6171875,2443098
2025-01-22,REL.L,4020.0,4034.0,3992.0,3992.0,3990.61865234375,2672993
2025-01-23,REL.L,3996.0,4000.0,3974.0,3980.0,3978.62255859375,3915285
2025-01-24,REL.L,3980.0,3982.0,3916.0,3928.0,3926.640869140625,3497190
2025-01-27,REL.L,3914.0,3933.0,3874.0,3926.0,3924.6416015625,3471644
2025-01-28,REL.L,3944.0,3975.0,3935.0,3960.0,3958.629638671875,5313095
2025-01-29,REL.L,3977.0,4003.0,3959.0,3970.0,3968.62646484375,2372159
2025-01-30,REL.L,3978.0,4030.0,3974.0,4024.0,4022.607421875,2776198
2025-01-31,REL.L,4042.0,4048.0,4005.54296875,4025.0,4023.607421875,3865255
2025-02-03,REL.L,4014.0,4030.0,3983.0,4017.0,4015.610107421875,1861031
2025-02-04,REL.L,4002.0,4009.0,3981.5,4001.0,3999.61572265625,6228109
2025-02-05,REL.L,3984.0,4033.0,3976.0,4031.0,4029.60498046875,2875313
2025-02-06,REL.L,4063.0,4071.0,4023.0,4043.0,4041.60107421875,2191693
2025-02-07,REL.L,4045.0,4066.0,4026.0,4039.0,4037.602294921875,4955161
2025-02-10,REL.L,4028.0,4076.0,3998.0,4076.0,4074.58935546875,5617723
2025-02-11,REL.L,4096.0,4144.0,4088.4970703125,4120.0,4118.57421875,3416649
2025-02-12,REL.L,4115.0,4139.0,4077.0,4125.0,4123.572265625,2822569
2025-02-13,REL.L,4158.0,4205.0,4104.0,4135.0,4133.5693359375,4125327
2025-02-14,REL.L,4148.0,4161.0,4038.0,4073.0,4071.590576171875,6191193
2025-02-17,REL.L,4052.0,4065.0,4014.0,4048.0,4046.599365234375,6482473
2025-02-18,REL.L,4050.0,4072.0,4027.0,4029.0,4027.60595703125,3475310
2025-02-19,REL.L,4047.0,4047.0,3972.0,3996.0,3994.6171875,3876566
2025-02-20,REL.L,4011.0,4013.0,3953.0,3984.0,3982.621337890625,1910555
2025-02-21,REL.L,3969.0,3969.0,3901.466064453125,3906.0,3904.6484375,4232827
2025-02-24,REL.L,3915.0,3933.0,3884.0,3898.0,3896.651123046875,2995319
2025-02-25,REL.L,3885.0,3911.0,3882.0,3905.0,3903.64892578125,6133870
2025-02-26,REL.L,3906.0,3916.60009765625,3804.9619140625,3805.0,3803.683349609375,5632671
2025-02-27,REL.L,3774.0,3810.0,3760.623046875,3783.0,3781.691162109375,5355201
2025-02-28,REL.L,3769.0,3818.114990234375,3768.0,3818.0,3816.678955078125,5607426
2025-03-03,REL.L,3835.0,3849.0,3807.0,3832.0,3830.674072265625,2652622
2025-03-04,REL.L,3820.0,3853.0,3813.0,3825.0,3823.67626953125,4032138
2025-03-05,REL.L,3801.0,3826.0,3747.0,3747.0,3745.703369140625,5863105
2025-03-06,REL.L,3755.0,3759.0,3649.0,3666.0,3664.7314453125,4608336
2025-03-07,REL.L,3647.0,3688.0,3620.0,3687.0,3685.724365234375,3429233
2025-03-10,REL.L,3700.0,3713.0,3661.0,3685.0,3683.724853515625,3660476
2025-03-11,REL.L,3694.0,3698.0,3644.0,3656.0,3654.73486328125,3973098
2025-03-12,REL.L,3669.0,3712.0,3637.0,3699.0,3697.72021484375,4431425
2025-03-13,REL.L,3686.0,3710.0,3674.0,3710.0,3708.716552734375,3440511
2025-03-14,REL.L,3747.0,3793.0,3715.0,3783.0,3781.691162109375,4445135
2025-03-17,REL.L,3779.0,3825.0,3767.0,3814.0,3812.680419921875,4068368
2025-03-18,REL.L,3815.0,3823.0,3744.0,3766.0,3764.69677734375,3191772
2025-03-19,REL.L,3769.0,3804.0,3750.0,3797.0,3795.685791015625,4712773
2025-03-20,REL.L,3807.0,3869.0,3787.0,3849.0,3847.66796875,3365480
2025-03-21,REL.L,3834.0,3874.155029296875,3829.0,3874.0,3872.65966796875,7956181
2025-03-24,REL.L,3889.0,3896.0,3848.5,3860.0,3858.664306640625,4017885
2025-03-25,REL.L,3859.0,3911.0,3858.0,3884.0,3882.65576171875,14070718
2025-03-26,REL.L,3894.0,3905.0,3857.0,3870.0,3868.660888671875,2402044
2025-03-27,REL.L,3849.0,3877.0,3830.0,3860.0,3858.664306640625,2801681
2025-03-28,REL.L,3858.0,3892.0,3846.0,3887.0,3885.655029296875,2946236
2025-03-31,REL.L,3870.0,3904.0,3862.0,3873.0,3871.659912109375,2914551
2025-04-01,REL.L,3896.0,3924.0,3887.0,3913.0,3911.64599609375,2153750
2025-04-02,REL.L,3913.0,3917.0,3884.696044921875,3911.0,3909.646728515625,1705886
2025-04-03,REL.L,3852.0,3940.0,3831.6650390625,3926.0,3924.6416015625,3699070
2025-04-04,REL.L,3958.0,3985.0,3812.0,3816.0,3814.679443359375,9597722
2025-04-07,REL.L,3658.0,3701.0,3517.0,3517.0,3515.782958984375,7098685
2025-04-08,REL.L,3552.0,3664.0,3509.0,3629.0,3627.744140625,4880340
2025-04-09,REL.L,3551.0,3630.0,3526.0,3582.0,3580.760498046875,4566685
2025-04-10,REL.L,3713.0,3800.0,3708.0,3733.0,3731.7080078125,6004634
2025-04-11,REL.L,3779.0,3804.0,3714.0,3737.0,3735.706787109375,6323847
2025-04-14,REL.L,3766.0,3808.27587890625,3756.0,3782.0,3780.69140625,4729446
2025-04-15,REL.L,3807.0,3900.0,3790.0,3896.0,3894.65185546875,3039221
2025-04-16,REL.L,3895.0,3921.0,3888.0,3915.0,3913.645263671875,5205305
2025-04-17,REL.L,3893.0,3942.0,3874.0,3939.0,3937.636962890625,6751973
2025-04-22,REL.L,3935.0,3955.0,3897.0,3934.0,3932.638671875,4723362
2025-04-23,REL.L,3982.0,3996.0,3926.0,3944.0,3942.635009765625,6907639
2025-04-24,REL.L,3980.0,3984.0,3946.0,3967.0,3965.627197265625,14350915
2025-04-25,REL.L,3981.0,4020.0,3952.0,4003.0,4001.61474609375,3919056
2025-04-28,REL.L,4006.0,4011.0,3946.0,3960.0,3958.629638671875,2026115
2025-04-29,REL.L,3982.0,4004.0,3949.0,4002.0,4000.615234375,3011783
2025-04-30,REL.L,4026.0,4067.0,4004.949951171875,4067.0,4065.592529296875,9805880
2025-05-01,REL.L,4065.0,4087.0,4046.0,4075.0,4073.590087890625,1039208
2025-05-02,REL.L,4130.0,4136.0,4071.0,4121.0,4119.57421875,2956341
2025-05-06,REL.L,4165.0,4166.0,4101.0,4110.0,4108.57763671875,2637506
2025-05-07,REL.L,4129.0,4133.0,4075.0,4082.0,4080.58740234375,2789675
2025-05-08,REL.L,4082.0,4094.0,4023.0,4023.0,4022.04931640625,3252562
2025-05-09,REL.L,4099.0,4099.0,4002.0,4030.0,4029.047607421875,3657361
2025-05-12,REL.L,4043.0,4059.0,3880.60009765625,3913.0,3912.0751953125,4270679
2025-05-13,REL.L,3905.0,3953.0,3898.0,3949.0,3948.066650390625,2219170
2025-05-14,REL.L,3942.0,4031.0,3932.0,3998.0,3997.05517578125,2419166
2025-05-15,REL.L,3994.0,4068.0,3986.0,4062.0,4061.0400390625,2564440
2025-05-16,REL.L,4073.0,4106.0,4068.301025390625,4099.0,4098.03125,2092191
2025-05-19,REL.L,4089.0,4106.0,4044.0,4106.0,4105.029296875,2287155
2025-05-20,REL.L,4101.0,4124.0,4095.0,4099.0,4098.03125,2116926
2025-05-21,REL.L,4084.0,4133.0,4082.0,4129.0,4128.0244140625,4655086
2025-05-22,REL.L,4116.0,4119.0,4051.0,4097.0,4096.03173828125,2028172
2025-05-23,REL.L,4112.0,4129.0,4075.0,4113.0,4112.0283203125,1998165
2025-05-27,REL.L,4135.0,4183.0,4123.0,4123.0,4122.02587890625,2436430
2025-05-28,REL.L,4108.0,4144.0,4068.0,4068.0,4067.03857421875,3656236
2025-05-29,REL.L,4085.0,4090.0,3934.0,3990.0,3989.05712890625,3704948
2025-05-30,REL.L,4008.0,4031.0,3993.840087890625,3994.0,3993.05615234375,6006865
2025-06-02,REL.L,3968.0,4013.0,3966.0,4004.0,4003.0537109375,1606420
2025-06-03,REL.L,4029.0,4032.0,3973.0,3990.0,3989.05712890625,2360098
2025-06-04,REL.L,3998.0,4025.0,3963.0,4011.0,4010.05224609375,2583076
2025-06-05,REL.L,4013.0,4014.0,3973.0,3979.0,3978.059814453125,2104464
2025-06-06,REL.L,3961.0,3978.0,3939.68603515625,3975.0,3974.060546875,1625810
2025-06-09,REL.L,3971.0,3981.0,3913.0,3921.0,3920.0732421875,1929488
2025-06-10,REL.L,3924.0,3956.0,3910.0,3910.0,3909.075927734375,2681434
2025-06-11,REL.L,3920.0,3934.0,3897.0,3914.0,3913.074951171875,1354274
2025-06-12,REL.L,3907.0,3962.0,3907.0,3915.0,3914.074951171875,1753009
2025-06-13,REL.L,3878.0,3909.0,3869.0,3895.0,3894.07958984375,1652177
2025-06-16,REL.L,3903.0,3955.0,3884.0,3947.0,3946.0673828125,2647264
2025-06-17,REL.L,3925.0,3931.0,3894.0,3906.0,3905.076904296875,3433269
2025-06-18,REL.L,3910.0,3933.0,3888.5,3901.0,3900.078125,2812004
2025-06-19,REL.L,3881.0,3929.0,3881.0,3908.0,3907.076416015625,2369998
2025-06-20,REL.L,3921.0,3927.0,3889.0,3899.0,3898.07861328125,4739456
2025-06-23,REL.L,3862.0,3928.0,3861.0,3928.0,3927.07177734375,1782204
2025-06-24,REL.L,3970.0,3976.0,3900.0,3907.0,3906.07666015625,5083517
2025-06-25,REL.L,3918.0,3943.0,3904.0,3904.0,3903.077392578125,2567592
2025-06-26,REL.L,3874.0,3910.0,3862.0,3875.0,3874.084228515625,2520180
2025-06-27,REL.L,3875.0,3941.0,3858.0,3939.0,3938.069091796875,1997004
2025-06-30,REL.L,3925.0,4001.0,3925.0,3937.0,3936.069580078125,4191304
2025-07-01,REL.L,3952.0,3968.0,3899.0,3923.0,3922.072998046875,2152035
2025-07-02,REL.L,3943.0,3943.0,3822.0,3855.0,3854.089111328125,2250827
2025-07-03,REL.L,3864.0,3900.0,3856.0,3900.0,3899.078369140625,1879495
2025-07-04,REL.L,3895.0,3917.0,3879.0,3899.0,3898.07861328125,1014362
2025-07-07,REL.L,3903.0,3946.0,3901.5,3934.0,3933.070068359375,1894372
2025-07-08,REL.L,3935.0,3958.0,3922.0,3949.0,3948.066650390625,2316026
2025-07-09,REL.L,3940.0,3962.0,3924.0,3935.0,3934.070068359375,3903692
2025-07-10,REL.L,3958.0,4005.030029296875,3953.0,3992.0,3991.056640625,2609624
2025-07-11,REL.L,4002.0,4030.0,3979.0,3985.0,3984.05810546875,2195630
2025-07-14,REL.L,3972.0,4016.0,3947.0,4012.0,4011.0517578125,1295268
2025-07-15,REL.L,4010.0,4027.0,3982.0,3983.0,3982.058837890625,2315773
2025-07-16,REL.L,3976.0,4011.0,3970.0,3989.0,3988.05712890625,1750918
2025-07-17,REL.L,4002.0,4011.0,3971.0,3990.0,3989.05712890625,2361886
2025-07-18,REL.L,3996.0,4008.0,3954.0,3956.0,3955.065185546875,2263019
2025-07-21,REL.L,3916.3330078125,3958.0,3902.0,3921.0,3920.0732421875,1634715
2025-07-22,REL.L,3895.0,3917.0,3875.0,3880.0,3879.0830078125,1869290
2025-07-23,REL.L,3915.0,3927.0,3888.0,3895.0,3894.07958984375,2760608
2025-07-24,REL.L,3895.0,3972.20703125,3838.0,3972.0,3971.061279296875,4234231
2025-07-25,REL.L,3995.0,4008.0,3937.0,3937.0,3936.069580078125,2350685
2025-07-28,REL.L,3939.0,3952.0,3882.0,3892.0,3891.080322265625,2452055
2025-07-29,REL.L,3884.0,3920.0,3877.0,3902.0,3901.07763671875,3021995
2025-07-30,REL.L,3903.0,3921.0,3882.0,3907.0,3906.07666015625,2611244
2025-07-31,REL.L,3913.0,3976.0,3912.0,3936.0,3935.06982421875,2529644
2025-08-01,REL.L,3921.0,3938.0,3885.0,3889.0,3888.080810546875,2859642
2025-08-04,REL.L,3892.0,3910.0,3866.0,3904.0,3903.077392578125,10215746
2025-08-05,REL.L,3902.0,3905.0,3813.0,3814.0,3813.0986328125,3080298
2025-08-06,REL.L,3802.0,3821.0,3623.0,3646.0,3645.138427734375,6346159
2025-08-07,REL.L,3632.0,3691.0,3628.927001953125,3666.0,3665.32958984375,2798530
2025-08-08,REL.L,3652.0,3662.0,3554.0,3577.0,3576.345947265625,3525334
2025-08-11,REL.L,3578.0,3619.0,3576.5,3583.0,3582.3447265625,3329805
2025-08-12,REL.L,3587.0,3604.0,3515.0,3534.0,3533.353759765625,4408807
2025-08-13,REL.L,3549.0,3561.0,3496.0,3499.0,3498.360107421875,9504733
2025-08-14,REL.L,3515.0,3530.0,3485.5,3529.0,3528.354736328125,5369875
2025-08-15,REL.L,3514.0,3534.0,3498.052001953125,3525.0,3524.35546875,4394984
2025-08-18,REL.L,3555.0,3561.0,3510.0,3540.0,3539.3525390625,2348160
2025-08-19,REL.L,3537.0,3550.0,3513.0,3539.0,3538.352783203125,3887801
2025-08-20,REL.L,3532.0,3634.0,3530.0,3625.0,3624.337158203125,3392441
2025-08-21,REL.L,3601.0,3611.0,3566.0,3600.0,3599.341796875,2456538
2025-08-22,REL.L,3582.0,3600.0,3561.0,3584.0,3583.3447265625,1957685
2025-08-26,REL.L,3405.0,3562.0,3405.0,3538.0,3537.35302734375,6770435
2025-08-27,REL.L,3549.0,3565.0,3534.0,3565.0,3564.34814453125,2658093
2025-08-28,REL.L,3568.0,3569.0,3495.0,3495.0,3494.36083984375,3330964
2025-08-29,REL.L,3472.0,3491.0,3433.0,3446.0,3445.369873046875,4585072
2025-09-01,REL.L,3459.0,3462.0,3418.0,3427.0,3426.373291015625,2004563
2025-09-02,REL.L,3429.0,3434.0,3389.0,3394.0,3393.37939453125,4264941
2025-09-03,REL.L,3397.0,3412.0,3369.0,3412.0,3411.3759765625,3781945
2025-09-04,REL.L,3415.0,3497.0,3410.0,3495.0,3494.36083984375,5104788
2025-09-05,REL.L,3486.0,3503.0,3476.0,3482.0,3481.36328125,3701696
2025-09-08,REL.L,3487.0,3497.0,3476.0,3484.0,3483.36279296875,2582948
2025-09-09,REL.L,3485.0,3502.0,3481.0,3483.0,3482.363037109375,2617281
2025-09-10,REL.L,3485.0,3496.035888671875,3327.5,3337.0,3336.389892578125,3572537
2025-09-11,REL.L,3347.0,3397.0,3331.0,3396.0,3395.37890625,3218965
2025-09-12,REL.L,3409.0,3468.0,3396.0,3440.0,3439.370849609375,3542537
2025-09-15,REL.L,3452.0,3470.0,3435.0,3453.0,3452.36865234375,4408072
2025-09-16,REL.L,3444.0,3473.0,3415.541015625,3425.0,3424.373779296875,3244938
2025-09-17,REL.L,3440.0,3470.0,3437.0,3450.0,3449.369140625,6270370
2025-09-18,REL.L,3520.0,3575.0,3483.0,3540.0,3539.3525390625,7344609
2025-09-19,REL.L,3490.0,3526.0,3467.0,3481.0,3480.363525390625,7555984
2025-09-22,REL.L,3484.0,3494.0,3453.0,3468.0,3467.36572265625,2408808
2025-09-23,REL.L,3491.0,3501.0,3435.0,3435.0,3434.371826171875,3980787
2025-09-24,REL.L,3426.0,3463.0,3408.0,3454.0,3453.368408203125,3573390
2025-09-25,REL.L,3460.0,3474.0,3434.0,3461.0,3460.3671875,3915846
2025-09-26,REL.L,3474.0,3514.5,3466.0,3490.0,3489.36181640625,4480702
2025-09-29,REL.L,3485.0,3531.0,3479.0,3519.0,3518.3564453125,4648451
2025-09-30,REL.L,3517.0,3569.0,3513.0,3557.0,3556.349609375,4016822
2025-10-01,REL.L,3548.0,3561.0,3494.0,3498.0,3497.3603515625,3119749
2025-10-02,REL.L,3486.0,3499.0,3433.0,3467.0,3466.365966796875,4665241
2025-10-03,REL.L,3492.0,3492.0,3428.0,3455.0,3454.3681640625,3102434
2025-10-06,REL.L,3441.0,3495.0,3435.0,3463.0,3462.36669921875,3371284
2025-10-07,REL.L,3449.0,3464.0,3367.279052734375,3396.0,3395.37890625,4485116
2025-10-08,REL.L,3388.0,3453.0,3384.0,3424.0,3423.373779296875,3027935
2025-10-09,REL.L,3447.0,3451.0,3379.0,3380.0,3379.3818359375,2532445
2025-10-10,REL.L,3423.0,3425.0,3366.0,3378.0,3377.38232421875,2165094
2025-10-13,REL.L,3390.0,3405.0,3363.0,3400.0,3399.378173828125,2919874
2025-10-14,REL.L,3400.0,3457.0,3394.0,3415.0,3414.37548828125,2516395
2025-10-15,REL.L,3387.0,3406.0,3350.5,3373.0,3372.38330078125,4364345
2025-10-16,REL.L,3363.0,3383.18408203125,3343.0,3356.0,3355.38623046875,2393296
2025-10-17,REL.L,3355.0,3370.0,3319.0,3356.0,3355.38623046875,3144173
2025-10-20,REL.L,3356.0,3406.0,3341.0,3405.0,3404.37744140625,7408594
2025-10-21,REL.L,3459.0,3478.0,3433.0,3465.0,3464.366455078125,2215696
2025-10-22,REL.L,3482.0,3536.0,3438.0,3508.0,3507.3583984375,3968407
2025-10-23,REL.L,3505.0,3527.0,3414.0,3448.0,3447.369384765625,6595671
2025-10-24,REL.L,3471.0,3534.0,3471.0,3506.0,3505.35888671875,3436067
2025-10-27,REL.L,3511.0,3539.0,3491.0,3510.0,3509.358154296875,2293888
2025-10-28,REL.L,3509.0,3528.0,3485.0,3498.0,3497.3603515625,3621155
2025-10-29,REL.L,3480.0,3497.0,3396.0,3396.0,3395.37890625,5921032
2025-10-30,REL.L,3366.0,3399.0,3333.5,3374.0,3373.383056640625,7768719
2025-10-31,REL.L,3364.0,3384.0,3342.0,3357.0,3356.38623046875,2704422
2025-11-03,REL.L,3356.0,3392.0,3344.0,3351.0,3350.38720703125,2860142
2025-11-04,REL.L,3348.0,3412.0,3328.0,3377.0,3376.382568359375,6127846
2025-11-05,REL.L,3391.0,3434.0,3380.0,3417.0,3416.375244140625,2281425
2025-11-06,REL.L,3377.0,3405.0,3266.0,3316.0,3315.3935546875,4034151
2025-11-07,REL.L,3322.0,3322.0,3176.0,3194.0,3193.416015625,4768840
2025-11-10,REL.L,3214.0,3227.0,3152.0,3180.0,3179.41845703125,5394185
2025-11-11,REL.L,3209.0,3237.0,3205.0,3227.0,3226.409912109375,5865867
2025-11-12,REL.L,3207.0,3225.0,3136.0,3136.0,3135.426513671875,9894629
2025-11-13,REL.L,3150.0,3178.0,3132.0,3140.0,3139.42578125,4470218
2025-11-14,REL.L,3123.0,3139.0,3095.0,3126.0,3125.428466796875,4915225
2025-11-17,REL.L,3140.0,3143.0,3086.0,3086.0,3085.435791015625,4717917
2025-11-18,REL.L,3038.0,3062.0,3027.0,3057.0,3056.44091796875,4915502
2025-11-19,REL.L,3045.0,3072.0,3011.0,3016.0,3015.448486328125,5249638
2025-11-20,REL.L,3042.0,3049.0,3018.0,3028.0,3027.4462890625,8770108
2025-11-21,REL.L,3046.0,3117.60009765625,3024.0,3105.0,3104.43212890625,6414554
2025-11-24,REL.L,3120.0,3121.554931640625,3066.0,3071.0,3070.4384765625,7127321
2025-11-25,REL.L,3063.0,3072.0,3030.0,3059.0,3058.440673828125,6131560
2025-11-26,REL.L,3071.0,3078.0,3023.0,3028.0,3027.4462890625,7803579
2025-11-27,REL.L,3025.0,3046.0,3021.738037109375,3035.0,3034.445068359375,5036824
2025-11-28,REL.L,3038.0,3046.0,3014.4208984375,3031.0,3030.44580078125,2686731
2025-12-01,REL.L,3017.0,3040.0,2976.0,2998.0,2997.45166015625,7985606
2025-12-02,REL.L,2998.0,3026.0,2989.0,2997.0,2996.451904296875,10056786
2025-12-03,REL.L,2984.0,3021.0,2979.0,3013.0,3012.448974609375,5389803
2025-12-04,REL.L,3013.0,3045.0,3003.0,3035.0,3034.445068359375,7817991
2025-12-05,REL.L,3054.0,3062.0,3026.0,3035.0,3034.445068359375,3063695
2025-12-08,REL.L,3017.0,3025.0,2971.0,2972.0,2971.45654296875,3827160
2025-12-09,REL.L,2995.0,3028.0,2974.0,2976.0,2975.455810546875,8252276
2025-12-10,REL.L,2973.0,3016.0,2968.743896484375,3005.0,3004.450439453125,5835375
2025-12-11,REL.L,3013.0,3013.0,2973.0,3004.0,3003.45068359375,4053620
2025-12-12,REL.L,3007.0,3023.0,2990.0,3016.0,3015.448486328125,4833262
2025-12-15,REL.L,3029.0,3098.0,3022.221923828125,3077.0,3076.437255859375,4676763
2025-12-16,REL.L,3078.0,3078.0,3015.0,3040.0,3039.444091796875,4575959
2025-12-17,REL.L,3050.0,3065.0,3019.0,3043.0,3042.443603515625,3385018
2025-12-18,REL.L,3057.0,3062.0,3022.0,3056.0,3055.441162109375,3447429
2025-12-19,REL.L,3025.0,3448.5,3014.0,3048.0,3047.442626953125,11484350
2025-12-22,REL.L,3038.0,3059.0,3029.0,3046.0,3045.44287109375,6938861
2025-12-23,REL.L,3041.0,3054.0,3020.0,3029.0,3028.446044921875,1719802
2025-12-24,REL.L,3028.0,3036.0,3019.0,3025.0,3024.44677734375,2694934
2025-12-29,REL.L,3030.0,3070.0,3015.0,3049.0,3048.4423828125,1498502
2025-12-30,REL.L,3040.0,3055.0,3020.0,3047.0,3046.44287109375,1052699
2025-12-31,REL.L,3049.0,3087.0,3011.0,3020.0,3019.44775390625,713331
2025-01-02,HLMA.L,2689.0,2716.0,2660.0,2702.0,2701.69482421875,276568
2025-01-03,HLMA.L,2695.0,2700.65087890625,2674.0,2674.0,2673.69775390625,308515
2025-01-06,HLMA.L,2680.0,2722.0,2670.386962890625,2703.0,2702.694580078125,364577
2025-01-07,HLMA.L,2710.0,2745.0,2692.0,2745.0,2744.689697265625,1125721
2025-01-08,HLMA.L,2740.0,2749.0,2687.0,2694.0,2693.695556640625,512424
2025-01-09,HLMA.L,2693.0,2730.0,2686.837890625,2722.0,2721.6923828125,913183
2025-01-10,HLMA.L,2712.0,2732.0,2683.56591796875,2692.0,2691.69580078125,297837
2025-01-13,HLMA.L,2674.0,2681.0,2627.0,2647.0,2646.700927734375,691084
2025-01-14,HLMA.L,2659.0,2687.0,2651.0,2663.0,2662.698974609375,687973
2025-01-15,HLMA.L,2674.0,2720.0,2659.0,2710.0,2709.693603515625,457698
2025-01-16,HLMA.L,2733.0,2768.0,2717.0,2768.0,2767.68701171875,508565
2025-01-17,HLMA.L,2791.0,2808.0,2777.0,2801.0,2800.68359375,394460
2025-01-20,HLMA.L,2800.0,2817.0,2793.0,2807.0,2806.682861328125,288591
2025-01-21,HLMA.L,2816.0,2838.0,2802.0,2835.0,2834.6796875,763607
2025-01-22,HLMA.L,2862.0,2961.0,2853.0,2951.0,2950.66650390625,900393
2025-01-23,HLMA.L,2955.0,2965.0,2916.0,2928.0,2927.6689453125,1158870
2025-01-24,HLMA.L,2935.0,2937.0,2900.0,2912.0,2911.6708984375,331509
2025-01-27,HLMA.L,2838.0,2854.0,2759.0,2839.0,2838.678955078125,659209
2025-01-28,HLMA.L,2877.0,2952.778076171875,2877.0,2944.0,2943.667236328125,1005529
2025-01-29,HLMA.L,2970.0,3016.0,2949.0,3011.0,3010.65966796875,759798
2025-01-30,HLMA.L,3024.0,3084.0,3015.0,3070.0,3069.653076171875,627339
2025-01-31,HLMA.L,3091.0,3094.0,3042.0,3043.0,3042.65625,4324134
2025-02-03,HLMA.L,2980.0,3020.0,2975.6298828125,3016.0,3015.6591796875,1288579
2025-02-04,HLMA.L,3006.0,3015.0,2978.0,2990.0,2989.661865234375,639201
2025-02-05,HLMA.L,2967.0,2974.0,2927.0,2940.0,2939.667724609375,625582
2025-02-06,HLMA.L,2895.0,2925.0,2861.0,2896.0,2895.672607421875,1357325
2025-02-07,HLMA.L,2872.0,2886.0,2838.0,2862.0,2861.676513671875,1596485
2025-02-10,HLMA.L,2858.0,2909.0,2853.0,2899.0,2898.67236328125,535989
2025-02-11,HLMA.L,2896.0,2931.0,2893.0,2919.0,2918.670166015625,532889
2025-02-12,HLMA.L,2918.0,2948.0,2888.653076171875,2909.0,2908.67138671875,419547
2025-02-13,HLMA.L,2911.0,2948.51611328125,2892.0,2945.0,2944.667236328125,556153
2025-02-14,HLMA.L,2949.0,2953.0,2924.0,2942.0,2941.667724609375,385819
2025-02-17,HLMA.L,2938.0,2950.0,2923.0,2949.0,2948.66650390625,205963
2025-02-18,HLMA.L,2965.0,3009.0,2941.0,2968.0,2967.66455078125,586928
2025-02-19,HLMA.L,2973.0,2976.0,2915.0,2941.0,2940.667724609375,358853
2025-02-20,HLMA.L,2949.0,2960.0,2924.0,2934.0,2933.66845703125,256050
2025-02-21,HLMA.L,2944.0,2951.0,2912.0,2914.0,2913.670654296875,381940
2025-02-24,HLMA.L,2916.0,2926.0,2845.0,2872.0,2871.675537109375,406512
2025-02-25,HLMA.L,2855.0,2866.0,2812.0,2821.0,2820.68115234375,553955
2025-02-26,HLMA.L,2831.0,2882.0,2823.0,2842.0,2841.678955078125,472552
2025-02-27,HLMA.L,2816.0,2828.0,2776.0,2777.0,2776.68603515625,1370711
2025-02-28,HLMA.L,2749.0,2800.0,2749.0,2800.0,2799.68359375,1409131
2025-03-03,HLMA.L,2807.0,2831.0,2792.0,2795.0,2794.68408203125,423245
2025-03-04,HLMA.L,2780.0,2792.572998046875,2741.0,2770.0,2769.68701171875,1023304
2025-03-05,HLMA.L,2812.0,2845.0,2794.0,2794.0,2793.684326171875,1309359
2025-03-06,HLMA.L,2820.0,2823.0,2712.0,2721.0,2720.6923828125,991945
2025-03-07,HLMA.L,2685.0,2721.0,2666.0,2721.0,2720.6923828125,777010
2025-03-10,HLMA.L,2734.0,2736.0,2664.0,2679.0,2678.697021484375,608551
2025-03-11,HLMA.L,2684.0,2684.0,2584.0,2584.0,2583.7080078125,1017601
2025-03-12,HLMA.L,2600.0,2641.0,2593.0,2640.0,2639.70166015625,794732
2025-03-13,HLMA.L,2662.0,2764.0,2627.0,2672.0,2671.697998046875,683408
2025-03-14,HLMA.L,2675.0,2725.0,2670.0,2711.0,2710.693603515625,961356
2025-03-17,HLMA.L,2712.0,2718.0,2668.0,2690.0,2689.696044921875,395557
2025-03-18,HLMA.L,2702.0,2706.0,2634.322998046875,2644.0,2643.700927734375,687328
2025-03-19,HLMA.L,2641.0,2671.0,2628.0,2671.0,2670.697998046875,511323
2025-03-20,HLMA.L,2673.0,2685.0,2654.513916015625,2673.0,2672.69775390625,492407
2025-03-21,HLMA.L,2646.0,2652.0,2621.489013671875,2643.0,2642.701416015625,1130107
2025-03-24,HLMA.L,2647.0,2662.0,2624.0,2645.0,2644.700927734375,817754
2025-03-25,HLMA.L,2635.0,2661.0,2606.0,2656.0,2655.69970703125,777312
2025-03-26,HLMA.L,2668.0,2670.0,2625.0,2632.0,2631.702392578125,382769
2025-03-27,HLMA.L,2617.0,2632.0,2604.0,2630.0,2629.702880859375,499055
2025-03-28,HLMA.L,2625.0,2635.26904296875,2608.0,2621.0,2620.70361328125,516009
2025-03-31,HLMA.L,2606.0,2608.0,2573.657958984375,2581.0,2580.70849609375,674225
2025-04-01,HLMA.L,2600.0,2650.0,2589.5,2632.0,2631.702392578125,544531
2025-04-02,HLMA.L,2624.0,2650.0,2592.0,2650.0,2649.700439453125,761699
2025-04-03,HLMA.L,2584.0,2592.0,2542.0,2562.0,2561.71044921875,686983
2025-04-04,HLMA.L,2554.0,2598.0,2478.0,2502.0,2501.71728515625,786527
2025-04-07,HLMA.L,2394.0,2502.0,2316.0,2360.0,2359.733154296875,1159687
2025-04-08,HLMA.L,2364.0,2456.0,2350.0,2456.0,2455.722412109375,1456781
2025-04-09,HLMA.L,2354.0,2422.0,2342.0,2382.0,2381.730712890625,604550
2025-04-10,HLMA.L,2502.0,2558.0,2499.2060546875,2526.0,2525.71484375,704885
2025-04-11,HLMA.L,2546.0,2556.0,2485.31494140625,2530.0,2529.714111328125,995745
2025-04-14,HLMA.L,2586.0,2608.0,2554.0,2602.0,2601.7060546875,843936
2025-04-15,HLMA.L,2600.0,2696.0,2588.0,2674.0,2673.69775390625,1588511
2025-04-16,HLMA.L,2654.0,2680.0,2630.0,2666.0,2665.69873046875,1128691
2025-04-17,HLMA.L,2656.0,2666.0,2610.0,2656.0,2655.69970703125,806193
2025-04-22,HLMA.L,2634.0,2658.0,2612.0,2652.0,2651.700439453125,1439633
2025-04-23,HLMA.L,2692.0,2732.0,2684.0,2694.0,2693.695556640625,1149013
2025-04-24,HLMA.L,2694.0,2700.0,2658.0,2700.0,2699.69482421875,565613
2025-04-25,HLMA.L,2722.0,2736.0,2704.0,2730.0,2729.691650390625,342950
2025-04-28,HLMA.L,2732.0,2750.464111328125,2720.0,2728.0,2727.691650390625,423159
2025-04-29,HLMA.L,2734.0,2746.0,2716.0,2740.0,2739.6904296875,556701
2025-04-30,HLMA.L,2748.0,2766.5458984375,2732.0,2756.0,2755.6884765625,1092470
2025-05-01,HLMA.L,2760.0,2788.0,2746.0,2778.0,2777.68603515625,268302
2025-05-02,HLMA.L,2792.0,2856.490966796875,2768.0,2838.0,2837.67919921875,1045823
2025-05-06,HLMA.L,2848.0,2856.0,2797.388916015625,2842.0,2841.678955078125,491990
2025-05-07,HLMA.L,2834.0,2842.0,2804.0,2830.0,2829.680419921875,462636
2025-05-08,HLMA.L,2868.0,2912.0,2860.0,2876.0,2875.675048828125,442027
2025-05-09,HLMA.L,2866.0,2896.0,2864.0,2896.0,2895.672607421875,523235
2025-05-12,HLMA.L,2910.0,2944.0,2902.110107421875,2934.0,2933.66845703125,939608
2025-05-13,HLMA.L,2930.0,2990.0,2920.0,2990.0,2989.661865234375,666266
2025-05-14,HLMA.L,2984.0,2992.0,2960.0,2968.0,2967.66455078125,617010
2025-05-15,HLMA.L,2956.0,3000.0,2952.0,2998.0,2997.661376953125,1459502
2025-05-16,HLMA.L,3010.0,3020.0,2985.634033203125,3000.0,2999.660888671875,520503
2025-05-19,HLMA.L,2972.0,2979.698974609375,2936.0,2956.0,2955.665771484375,968778
2025-05-20,HLMA.L,2972.0,2975.44189453125,2940.0,2954.0,2953.66650390625,671205
2025-05-21,HLMA.L,2932.0,2974.0,2930.610107421875,2974.0,2973.663818359375,1022009
2025-05-22,HLMA.L,2952.0,2964.722900390625,2906.0,2906.0,2905.671630859375,533510
2025-05-23,HLMA.L,2904.0,2920.0,2822.0,2878.0,2877.6748046875,832180
2025-05-27,HLMA.L,2894.0,2942.0,2888.43994140625,2918.0,2917.67041015625,552029
2025-05-28,HLMA.L,2914.0,2936.0,2892.0,2902.0,2901.671875,512770
2025-05-29,HLMA.L,2932.0,2932.0,2902.0,2904.0,2903.671875,273299
2025-05-30,HLMA.L,2900.0,2946.052978515625,2898.0,2906.0,2905.671630859375,1483837
2025-06-02,HLMA.L,2882.0,2912.0,2870.0,2912.0,2911.6708984375,876509
2025-06-03,HLMA.L,2924.0,2936.0,2888.0,2906.0,2905.671630859375,747639
2025-06-04,HLMA.L,2910.0,2968.0,2904.0,2942.0,2941.667724609375,719542
2025-06-05,HLMA.L,2944.0,2968.0,2930.0,2956.0,2955.665771484375,367568
2025-06-06,HLMA.L,2952.0,2984.0,2944.0,2978.0,2977.66357421875,330604
2025-06-09,HLMA.L,2986.0,3028.0,2976.0,3012.0,3011.65966796875,458449
2025-06-10,HLMA.L,2988.0,3022.7900390625,2972.0,3002.0,3001.66064453125,474101
2025-06-11,HLMA.L,3002.0,3026.0,2996.0,3020.0,3019.65869140625,553929
2025-06-12,HLMA.L,3320.0,3342.0,3088.0,3120.0,3119.6474609375,1754275
2025-06-13,HLMA.L,3086.0,3150.0,3078.0,3112.0,3111.6484375,918096
2025-06-16,HLMA.L,3112.0,3166.0,3098.0,3152.0,3151.643798828125,1057036
2025-06-17,HLMA.L,3134.0,3148.0,3090.0,3130.0,3129.646484375,541378
2025-06-18,HLMA.L,3116.0,3128.0,3094.0,3122.0,3121.647216796875,712426
2025-06-19,HLMA.L,3114.0,3152.0,3106.0,3126.0,3125.646728515625,326561
2025-06-20,HLMA.L,3138.0,3138.0,3084.0,3118.0,3117.647705078125,1163484
2025-06-23,HLMA.L,3112.0,3154.0,3092.0,3144.0,3143.64453125,274130
2025-06-24,HLMA.L,3206.0,3206.0,3158.0,3162.0,3161.642578125,556160
2025-06-25,HLMA.L,3176.0,3214.0,3170.0,3202.0,3201.63818359375,537127
2025-06-26,HLMA.L,3188.0,3251.0,3184.843994140625,3248.0,3247.633056640625,857457
2025-06-27,HLMA.L,3238.0,3250.0,3180.947021484375,3216.0,3215.636474609375,1209506
2025-06-30,HLMA.L,3220.0,3224.0,3184.0,3200.0,3199.638427734375,847436
2025-07-01,HLMA.L,3226.0,3228.0,3188.0,3196.0,3195.638671875,577232
2025-07-02,HLMA.L,3198.0,3200.0,3136.0,3162.0,3161.642578125,669239
2025-07-03,HLMA.L,3168.0,3186.0,3148.0,3172.0,3171.641357421875,438265
2025-07-04,HLMA.L,3164.0,3191.0,3152.0,3182.0,3181.640380859375,203742
2025-07-07,HLMA.L,3190.0,3216.0,3178.0,3216.0,3215.636474609375,452597
2025-07-08,HLMA.L,3202.0,3212.0,3179.3701171875,3194.0,3193.63916015625,699388
2025-07-09,HLMA.L,3192.0,3222.0,3174.0,3214.0,3213.63671875,434278
2025-07-10,HLMA.L,3208.0,3242.699951171875,3196.0,3238.0,3237.7763671875,352520
2025-07-11,HLMA.L,3218.0,3236.0,3205.449951171875,3216.0,3215.77783203125,394320
2025-07-14,HLMA.L,3204.0,3218.0,3172.0,3214.0,3213.77783203125,356861
2025-07-15,HLMA.L,3226.0,3234.0,3198.0,3198.0,3197.779052734375,560984
2025-07-16,HLMA.L,3174.0,3216.0,3172.0,3186.0,3185.77978515625,405012
2025-07-17,HLMA.L,3216.0,3248.0,3204.0,3244.0,3243.77587890625,532050
2025-07-18,HLMA.L,3252.0,3260.0,3234.0,3252.0,3251.775390625,528967
2025-07-21,HLMA.L,3248.0,3262.0,3226.0,3240.0,3239.776123046875,419958
2025-07-22,HLMA.L,3214.0,3232.0,3204.0,3208.0,3207.7783203125,783834
2025-07-23,HLMA.L,3222.0,3260.0,3212.0,3238.0,3237.7763671875,574235
2025-07-24,HLMA.L,3236.0,3270.0,3226.0,3256.0,3255.775146484375,401311
2025-07-25,HLMA.L,3248.0,3254.0,3220.0,3238.0,3237.7763671875,483427
2025-07-28,HLMA.L,3258.0,3262.0,3210.0,3220.0,3219.777587890625,318421
2025-07-29,HLMA.L,3218.0,3248.0,3208.0,3226.0,3225.777099609375,329075
2025-07-30,HLMA.L,3224.0,3250.0,3214.0,3238.0,3237.7763671875,881495
2025-07-31,HLMA.L,3236.0,3300.0,3234.969970703125,3252.0,3251.775390625,753533
2025-08-01,HLMA.L,3220.0,3242.0,3191.381103515625,3216.0,3215.77783203125,686456
2025-08-04,HLMA.L,3224.0,3256.0,3214.0,3254.0,3253.775146484375,555119
2025-08-05,HLMA.L,3268.0,3282.0,3258.0,3268.0,3267.774169921875,675664
2025-08-06,HLMA.L,3288.0,3290.0,3210.0,3232.0,3231.776611328125,563211
2025-08-07,HLMA.L,3258.0,3344.60009765625,3255.5,3316.0,3315.77099609375,756731
2025-08-08,HLMA.L,3312.0,3318.0,3265.0,3280.0,3279.7734375,351148
2025-08-11,HLMA.L,3296.0,3299.333984375,3250.0,3258.0,3257.77490234375,330608
2025-08-12,HLMA.L,3266.0,3280.0,3248.0,3276.0,3275.773681640625,431205
2025-08-13,HLMA.L,3292.0,3308.0,3279.0,3286.0,3285.77294921875,309145
2025-08-14,HLMA.L,3274.0,3290.0,3216.587890625,3232.0,3231.776611328125,704192
2025-08-15,HLMA.L,3246.0,3262.0,3196.0,3210.0,3209.7783203125,472378
2025-08-18,HLMA.L,3226.0,3240.0,3210.0,3236.0,3235.776611328125,412370
2025-08-19,HLMA.L,3240.0,3258.0,3235.02587890625,3254.0,3253.775146484375,526193
2025-08-20,HLMA.L,3232.0,3288.0,3230.0,3266.0,3265.774169921875,471974
2025-08-21,HLMA.L,3262.0,3262.0,3246.0,3246.0,3245.77587890625,297000
2025-08-22,HLMA.L,3228.0,3272.0,3228.0,3260.0,3259.774658203125,313879
2025-08-26,HLMA.L,3256.0,3312.0,3252.0,3312.0,3311.771240234375,1251063
2025-08-27,HLMA.L,3298.0,3304.0,3248.0,3282.0,3281.7734375,480558
2025-08-28,HLMA.L,3284.0,3308.0,3272.803955078125,3300.0,3299.772216796875,321373
2025-08-29,HLMA.L,3294.0,3316.0,3286.0,3288.0,3287.77294921875,538151
2025-09-01,HLMA.L,3272.0,3300.0,3266.0,3270.0,3269.774169921875,185756
2025-09-02,HLMA.L,3262.0,3274.0,3218.0,3218.0,3217.77783203125,417586
2025-09-03,HLMA.L,3236.0,3242.0,3204.0,3228.0,3227.777099609375,411023
2025-09-04,HLMA.L,3226.0,3232.0,3194.0,3218.0,3217.77783203125,443105
2025-09-05,HLMA.L,3230.0,3266.0,3220.0,3242.0,3241.776123046875,569899
2025-09-08,HLMA.L,3262.0,3284.0,3250.0,3284.0,3283.77294921875,405033
2025-09-09,HLMA.L,3286.0,3290.0,3242.0,3252.0,3251.775390625,683514
2025-09-10,HLMA.L,3270.0,3302.0,3266.0,3296.0,3295.772216796875,563202
2025-09-11,HLMA.L,3298.0,3344.0,3290.0,3332.0,3331.769775390625,1098790
2025-09-12,HLMA.L,3330.0,3346.0,3306.0,3306.0,3305.771728515625,805308
2025-09-15,HLMA.L,3290.0,3344.0,3290.0,3328.0,3327.77001953125,1167611
2025-09-16,HLMA.L,3346.0,3346.0,3281.404052734375,3286.0,3285.77294921875,768356
2025-09-17,HLMA.L,3286.0,3304.0,3251.39990234375,3272.0,3271.77392578125,819703
2025-09-18,HLMA.L,3288.0,3386.0,3282.0,3382.0,3381.766357421875,662755
2025-09-19,HLMA.L,3402.0,3404.0,3350.0,3382.0,3381.766357421875,1894805
2025-09-22,HLMA.L,3378.0,3398.0,3368.0,3378.0,3377.7666015625,841051
2025-09-23,HLMA.L,3390.0,3416.0,3384.0,3386.0,3385.76611328125,491194
2025-09-24,HLMA.L,3372.0,3386.0,3338.0,3338.0,3337.769287109375,369343
2025-09-25,HLMA.L,3352.0,3444.0,3340.0,3372.0,3371.76708984375,822231
2025-09-26,HLMA.L,3384.0,3398.0,3341.199951171875,3352.0,3351.7685546875,553097
2025-09-29,HLMA.L,3364.0,3438.0,3348.0,3390.0,3389.765625,591212
2025-09-30,HLMA.L,3412.0,3450.0,3382.0,3450.0,3449.76171875,643195
2025-10-01,HLMA.L,3454.0,3466.0,3422.0,3460.0,3459.760986328125,493610
2025-10-02,HLMA.L,3474.0,3504.0,3463.3349609375,3502.0,3501.758056640625,487217
2025-10-03,HLMA.L,3528.0,3528.0,3484.0,3502.0,3501.758056640625,498159
2025-10-06,HLMA.L,3496.0,3568.0,3486.0,3524.0,3523.75634765625,443800
2025-10-07,HLMA.L,3524.0,3560.087890625,3516.0,3534.0,3533.755859375,564444
2025-10-08,HLMA.L,3524.0,3588.0,3522.0,3568.0,3567.75341796875,611274
2025-10-09,HLMA.L,3580.0,3602.0,3560.0,3570.0,3569.75341796875,503424
2025-10-10,HLMA.L,3564.0,3568.0,3490.322021484375,3494.0,3493.7587890625,607572
2025-10-13,HLMA.L,3492.0,3494.0,3450.0,3472.0,3471.760009765625,557937
2025-10-14,HLMA.L,3438.0,3464.0,3412.0,3456.0,3455.76123046875,335909
2025-10-15,HLMA.L,3490.0,3490.0,3436.0,3468.0,3467.760498046875,520214
2025-10-16,HLMA.L,3484.0,3484.0,3456.0,3480.0,3479.759521484375,396880
2025-10-17,HLMA.L,3442.0,3470.0,3423.2041015625,3454.0,3453.76123046875,552666
2025-10-20,HLMA.L,3466.0,3490.0,3458.0,3476.0,3475.760009765625,916884
2025-10-21,HLMA.L,3492.0,3494.0,3436.0,3466.0,3465.760498046875,821407
2025-10-22,HLMA.L,3470.0,3521.001953125,3454.0,3482.0,3481.759521484375,643957
2025-10-23,HLMA.L,3470.0,3528.0,3454.0,3518.0,3517.7568359375,442133
2025-10-24,HLMA.L,3526.0,3578.0,3516.0,3578.0,3577.752685546875,367975
2025-10-27,HLMA.L,3580.0,3606.0,3570.0,3586.0,3585.752197265625,374457
2025-10-28,HLMA.L,3590.0,3606.0,3564.0,3588.0,3587.752197265625,398475
2025-10-29,HLMA.L,3552.0,3576.0,3540.0,3554.0,3553.75439453125,363161
2025-10-30,HLMA.L,3540.0,3574.0,3532.0,3556.0,3555.75439453125,393070
2025-10-31,HLMA.L,3556.0,3556.0,3526.0,3546.0,3545.755126953125,412721
2025-11-03,HLMA.L,3542.0,3580.0,3510.0,3580.0,3579.752685546875,509228
2025-11-04,HLMA.L,3520.0,3574.0,3496.0,3544.0,3543.755126953125,947461
2025-11-05,HLMA.L,3532.0,3582.0,3507.74609375,3572.0,3571.753173828125,592450
2025-11-06,HLMA.L,3542.0,3560.0,3422.0,3428.0,3427.76318359375,654068
2025-11-07,HLMA.L,3434.0,3442.0,3372.0,3392.0,3391.765625,433758
2025-11-10,HLMA.L,3428.0,3429.09912109375,3404.0,3410.0,3409.764404296875,747256
2025-11-11,HLMA.L,3430.0,3454.0,3418.0,3430.0,3429.762939453125,409813
2025-11-12,HLMA.L,3430.0,3466.0,3384.0,3466.0,3465.760498046875,560019
2025-11-13,HLMA.L,3458.0,3468.0,3382.0,3382.0,3381.766357421875,747353
2025-11-14,HLMA.L,3352.0,3433.972900390625,3320.0,3364.0,3363.767578125,740914
2025-11-17,HLMA.L,3352.0,3386.0,3346.0,3352.0,3351.7685546875,483828
2025-11-18,HLMA.L,3298.0,3358.0,3298.0,3334.0,3333.769775390625,731255
2025-11-19,HLMA.L,3328.0,3352.0,3308.0,3312.0,3311.771240234375,507235
2025-11-20,HLMA.L,3548.0,3764.0,3548.0,3618.0,3617.75,1880228
2025-11-21,HLMA.L,3542.0,3608.0,3498.0,3540.0,3539.755615234375,1039188
2025-11-24,HLMA.L,3568.0,3618.0,3550.0,3572.0,3571.753173828125,3746387
2025-11-25,HLMA.L,3566.0,3590.0,3542.0,3590.0,3589.751953125,599697
2025-11-26,HLMA.L,3664.0,3664.0,3608.0,3610.0,3609.750732421875,834836
2025-11-27,HLMA.L,3616.0,3620.0,3556.0,3570.0,3569.75341796875,279126
2025-11-28,HLMA.L,3562.0,3570.0,3532.0,3560.0,3559.75390625,845962
2025-12-01,HLMA.L,3546.0,3568.0,3520.56689453125,3532.0,3531.755859375,944308
2025-12-02,HLMA.L,3542.0,3596.0,3508.0,3574.0,3573.753173828125,1090605
2025-12-03,HLMA.L,3564.0,3642.0,3558.0,3564.0,3563.75390625,894824
2025-12-04,HLMA.L,3578.0,3650.0,3574.0,3618.0,3617.75,849653
2025-12-05,HLMA.L,3630.0,3684.0,3628.0,3658.0,3657.747314453125,593300
2025-12-08,HLMA.L,3664.0,3704.0,3622.0,3652.0,3651.747802734375,441768
2025-12-09,HLMA.L,3658.0,3666.0,3626.0,3626.0,3625.74951171875,637038
2025-12-10,HLMA.L,3604.0,3617.0,3524.0,3542.0,3541.755126953125,803918
2025-12-11,HLMA.L,3540.0,3546.0,3500.0,3530.0,3529.756103515625,580378
2025-12-12,HLMA.L,3512.0,3544.0,3464.0,3472.0,3471.760009765625,552740
2025-12-15,HLMA.L,3482.0,3530.0,3466.0,3530.0,3529.756103515625,443224
2025-12-16,HLMA.L,3504.0,3550.177978515625,3502.0,3550.0,3549.754638671875,753402
2025-12-17,HLMA.L,3568.0,3568.0,3500.0,3502.0,3501.758056640625,936817
2025-12-18,HLMA.L,3500.0,3546.0,3492.0,3544.0,3543.8525390625,380093
2025-12-19,HLMA.L,3538.0,3610.0,3520.0,3582.0,3581.85107421875,1488126
2025-12-22,HLMA.L,3552.0,3614.0,3544.0,3602.0,3601.85009765625,391003
2025-12-23,HLMA.L,3584.0,3590.0,3558.0,3560.0,3559.851806640625,295229
2025-12-24,HLMA.L,3536.0,3570.0,3536.0,3568.0,3567.8515625,81828
2025-12-29,HLMA.L,3564.0,3570.0,3520.0,3520.0,3519.853515625,245923
2025-12-30,HLMA.L,3532.0,3550.0,3514.0,3544.0,3543.8525390625,223708
2025-12-31,HLMA.L,3558.0,3558.0,3528.0,3538.0,3537.852783203125,166273
2025-01-02,SN.L,989.2000122070312,1008.5,984.4000244140625,993.2000122070312,992.8135375976562,2483758
2025-01-03,SN.L,981.5999755859375,989.5999755859375,978.2000122070312,980.7999877929688,980.4183349609375,1513585
2025-01-06,SN.L,980.0,990.0,975.2000122070312,990.0,989.6148071289062,5869141
2025-01-07,SN.L,979.2000122070312,990.5999755859375,975.7999877929688,986.4000244140625,986.0161743164062,1988241
2025-01-08,SN.L,988.0,994.5999755859375,976.4000244140625,987.5999755859375,987.2156372070312,6598880
2025-01-09,SN.L,985.5999755859375,1004.0,982.2000122070312,1004.0,1003.609375,808428
2025-01-10,SN.L,1001.0,1005.5,983.7999877929688,988.0,987.6155395507812,2913956
2025-01-13,SN.L,982.4000244140625,988.4000244140625,980.2000122070312,983.7999877929688,983.4171142578125,1487291
2025-01-14,SN.L,989.2000122070312,991.5999755859375,974.0,978.0,977.619384765625,4651053
2025-01-15,SN.L,982.5999755859375,1010.5,980.5999755859375,1010.5,1010.1068115234375,3217703
2025-01-16,SN.L,1019.5,1030.0,1010.0,1021.5,1021.1025390625,2584968
2025-01-17,SN.L,1027.5,1032.1619873046875,1025.5,1025.5,1025.1009521484375,3299578
2025-01-20,SN.L,1028.0,1047.5,1021.0,1028.0,1027.5999755859375,872984
2025-01-21,SN.L,1026.5,1039.5,1023.0,1036.5,1036.0966796875,3004939
2025-01-22,SN.L,1043.5,1043.8900146484375,1027.1650390625,1027.5,1027.1002197265625,2029512
2025-01-23,SN.L,1024.5,1024.5,1007.5,1009.0,1008.607421875,2015749
2025-01-24,SN.L,1007.0,1016.5,998.0,1002.5,1002.1099853515625,2076248
2025-01-27,SN.L,1007.0,1012.5,1002.0,1011.5,1011.1063842773438,1440068
2025-01-28,SN.L,1015.5,1032.0,1015.0,1025.0,1024.6011962890625,974842
2025-01-29,SN.L,1018.0,1031.0,1015.0,1022.5,1022.1021728515625,1160062
2025-01-30,SN.L,1019.0,1033.0,1014.0,1032.5,1032.0982666015625,1633276
2025-01-31,SN.L,1031.0,1037.5,1027.0,1032.0,1031.598388671875,1299103
2025-02-03,SN.L,1013.5,1030.0,1011.5,1028.5,1028.099853515625,1290760
2025-02-04,SN.L,1020.5,1036.5,1020.0,1033.5,1033.097900390625,1281308
2025-02-05,SN.L,1030.0,1041.0,1027.4010009765625,1041.0,1040.594970703125,1457476
2025-02-06,SN.L,1046.5,1047.9100341796875,1024.0,1025.0,1024.6011962890625,1973202
2025-02-07,SN.L,1012.5,1019.0,1000.5,1001.5,1001.1102905273438,1802179
2025-02-10,SN.L,997.0,1010.5,997.0,1004.0,1003.609375,1162826
2025-02-11,SN.L,1004.0,1016.0,1001.0,1009.5,1009.107177734375,2785507
2025-02-12,SN.L,1010.5,1022.0,1010.5,1019.5,1019.103271484375,1504060
2025-02-13,SN.L,1026.0,1033.0,1017.0,1026.5,1026.1005859375,1780123
2025-02-14,SN.L,1024.5,1029.5,1017.0,1025.5,1025.1009521484375,1916752
2025-02-17,SN.L,1021.5,1031.5,1018.5,1031.5,1031.0986328125,685432
2025-02-18,SN.L,1034.0,1038.0,1027.0,1032.5,1032.0982666015625,1284905
2025-02-19,SN.L,1029.5,1029.5,1016.0,1021.5,1021.1025390625,2220793
2025-02-20,SN.L,1017.0,1020.5,1011.5,1017.5,1017.1041259765625,1103234
2025-02-21,SN.L,1015.0,1037.0,1011.0,1033.5,1033.097900390625,2435275
2025-02-24,SN.L,1044.0,1050.0,1033.0,1043.5,1043.093994140625,2102764
2025-02-25,SN.L,1117.0,1150.0,1063.0,1107.5,1107.069091796875,7006539
2025-02-26,SN.L,1111.0,1153.5,1101.0,1148.0,1147.5533447265625,4569718
2025-02-27,SN.L,1147.5,1153.5,1140.0,1146.5,1146.053955078125,2151702
2025-02-28,SN.L,1142.0,1158.5,1127.5,1150.5,1150.0523681640625,6159460
2025-03-03,SN.L,1150.0,1176.5,1147.5,1172.5,1172.0438232421875,2656599
2025-03-04,SN.L,1174.0,1181.5,1163.5,1177.0,1176.5419921875,3772900
2025-03-05,SN.L,1175.5,1184.0,1169.0,1169.0,1168.545166015625,3706406
2025-03-06,SN.L,1170.5,1172.5,1148.0,1155.5,1155.05029296875,2123874
2025-03-07,SN.L,1147.0,1154.5,1139.5,1153.5,1153.05126953125,2128038
2025-03-10,SN.L,1154.5,1165.5,1141.0,1161.5,1161.0479736328125,2047346
2025-03-11,SN.L,1159.5,1165.0,1139.0,1141.0,1140.5560302734375,2990429
2025-03-12,SN.L,1125.5,1134.0,1092.0,1096.0,1095.5736083984375,3172531
2025-03-13,SN.L,1095.0,1106.5,1089.0,1092.0,1091.5750732421875,4335725
2025-03-14,SN.L,1090.0,1100.5,1083.0,1094.0,1093.5743408203125,9780089
2025-03-17,SN.L,1099.5,1109.5,1099.5,1105.5,1105.06982421875,1797857
2025-03-18,SN.L,1110.5,1115.0,1095.5,1105.0,1104.570068359375,1432184
2025-03-19,SN.L,1103.0,1104.0,1085.0,1088.5,1088.076416015625,2307030
2025-03-20,SN.L,1090.0,1099.5,1087.5,1097.5,1097.072998046875,7251298
2025-03-21,SN.L,1087.5,1093.0,1081.5,1085.0,1084.577880859375,3044823
2025-03-24,SN.L,1087.0,1090.5,1071.5560302734375,1080.0,1079.5797119140625,1884462
2025-03-25,SN.L,1083.5,1103.5,1080.5,1093.5,1093.0745849609375,1768170
2025-03-26,SN.L,1098.0,1108.0,1088.5,1100.0,1099.5718994140625,1694142
2025-03-27,SN.L,1080.0,1084.5,1065.0,1067.0,1066.7542724609375,2825571
2025-03-28,SN.L,1071.5,1077.5,1064.5,1071.0,1070.75341796875,1956450
2025-03-31,SN.L,1067.5,1086.0,1065.0,1085.0,1084.750244140625,2575950
2025-04-01,SN.L,1088.5,1096.0,1075.5,1086.5,1086.2498779296875,1857137
2025-04-02,SN.L,1078.0,1080.5,1067.0,1075.0,1074.7525634765625,1333317
2025-04-03,SN.L,1071.0,1091.0,1069.5,1077.5,1077.251953125,2361488
2025-04-04,SN.L,1076.0,1081.0,1023.5,1030.5,1030.2626953125,3458293
2025-04-07,SN.L,997.7999877929688,1025.0,970.2000122070312,979.4000244140625,979.1744995117188,4822686
2025-04-08,SN.L,1001.0,1006.5,977.7999877929688,991.5999755859375,991.3717041015625,5461887
2025-04-09,SN.L,972.5999755859375,982.5999755859375,937.7999877929688,937.7999877929688,937.5840454101562,4702926
2025-04-10,SN.L,987.2000122070312,991.0,957.5999755859375,957.5999755859375,957.3794555664062,6199412
2025-04-11,SN.L,957.5999755859375,979.7999877929688,957.4000244140625,974.7999877929688,974.5755615234375,7413879
2025-04-14,SN.L,984.4000244140625,997.5999755859375,979.4000244140625,993.0,992.7713623046875,1899036
2025-04-15,SN.L,992.5999755859375,1005.0,984.2000122070312,993.2000122070312,992.9713134765625,3351798
2025-04-16,SN.L,985.4000244140625,987.2000122070312,966.5999755859375,985.4000244140625,985.1731567382812,2140034
2025-04-17,SN.L,981.4000244140625,985.7999877929688,972.7999877929688,983.5999755859375,983.37353515625,1934531
2025-04-22,SN.L,967.7999877929688,981.0,960.7999877929688,980.0,979.7744140625,3074930
2025-04-23,SN.L,993.5999755859375,1006.5,988.0,1003.0,1002.76904296875,2347832
2025-04-24,SN.L,1002.0,1010.5,999.7999877929688,1004.5,1004.2687377929688,1774851
2025-04-25,SN.L,1004.0,1013.0,989.0,991.4000244140625,991.1717529296875,1990884
2025-04-28,SN.L,998.0,1006.5,995.4000244140625,998.0,997.7702026367188,2106748
2025-04-29,SN.L,1002.0,1003.0,986.7999877929688,996.0,995.7706909179688,1865490
2025-04-30,SN.L,1039.0,1075.0,1026.0,1054.0,1053.75732421875,3622294
2025-05-01,SN.L,1054.5,1081.5,1046.8759765625,1078.0,1077.7518310546875,1955381
2025-05-02,SN.L,1090.0,1094.0,1076.0,1080.5,1080.251220703125,2448007
2025-05-06,SN.L,1068.5,1076.5,1057.5,1067.5,1067.2542724609375,1953698
2025-05-07,SN.L,1064.0,1066.5,1049.0,1058.0,1057.75634765625,2399937
2025-05-08,SN.L,1064.0,1077.5,1062.0,1068.0,1067.7540283203125,1434315
2025-05-09,SN.L,1069.0,1074.0,1063.5,1069.0,1068.75390625,1609990
2025-05-12,SN.L,1071.0,1083.0,1059.5,1080.5,1080.251220703125,1430547
2025-05-13,SN.L,1074.5,1084.9969482421875,1063.0,1066.0,1065.754638671875,1930196
2025-05-14,SN.L,1061.5,1069.5,1053.0,1056.5,1056.2567138671875,1448508
2025-05-15,SN.L,1053.0,1081.5,1053.0,1081.5,1081.2509765625,1711891
2025-05-16,SN.L,1084.0,1087.0,1075.0,1086.0,1085.75,11101630
2025-05-19,SN.L,1085.0,1087.0,1074.738037109375,1087.0,1086.7496337890625,1326472
2025-05-20,SN.L,1092.5,1103.5,1081.0,1103.5,1103.2459716796875,2046525
2025-05-21,SN.L,1097.5,1102.0,1077.5,1080.0,1079.7513427734375,1373973
2025-05-22,SN.L,1077.0,1080.0,1054.0,1061.0,1060.7557373046875,1689127
2025-05-23,SN.L,1063.0,1069.5,1051.4739990234375,1063.0,1062.7552490234375,2668169
2025-05-27,SN.L,1071.5,1078.5,1063.2220458984375,1072.5,1072.2530517578125,4387067
2025-05-28,SN.L,1069.0,1072.5,1058.0,1064.5,1064.2548828125,2074211
2025-05-29,SN.L,1070.0,1075.5,1064.0,1069.0,1068.75390625,2221696
2025-05-30,SN.L,1069.5,1079.5,1055.0,1074.5,1074.2525634765625,3475424
2025-06-02,SN.L,1070.0,1082.0,1067.5,1076.5,1076.252197265625,2271979
2025-06-03,SN.L,1079.5,1082.0,1073.25,1082.0,1081.7508544921875,3819201
2025-06-04,SN.L,1081.0,1085.5,1075.5,1082.5,1082.250732421875,2146594
2025-06-05,SN.L,1085.0,1121.5,1082.5,1117.0,1116.7427978515625,2312950
2025-06-06,SN.L,1120.5,1131.5,1118.0,1124.5,1124.2410888671875,1916911
2025-06-09,SN.L,1122.5,1127.0,1104.0,1107.5,1107.2449951171875,1096205
2025-06-10,SN.L,1111.5,1118.5,1108.75,1118.0,1117.7425537109375,1411540
2025-06-11,SN.L,1115.0,1124.5,1113.5,1120.5,1120.241943359375,1298833
2025-06-12,SN.L,1114.0,1121.0,1106.5,1109.5,1109.2445068359375,1894939
2025-06-13,SN.L,1102.0,1109.0,1094.0,1094.0,1093.7481689453125,1380615
2025-06-16,SN.L,1092.0,1094.5,1080.0,1082.5,1082.250732421875,1869381
2025-06-17,SN.L,1077.5,1088.5,1073.5,1077.5,1077.251953125,2721922
2025-06-18,SN.L,1067.5,1073.0,1059.5,1067.0,1066.7542724609375,1829056
2025-06-19,SN.L,1061.5,1080.5,1059.5,1074.0,1073.752685546875,1550186
2025-06-20,SN.L,1077.0,1089.0,1072.5,1079.5,1079.25146484375,4261243
2025-06-23,SN.L,1072.5,1083.5,1070.5,1079.5,1079.25146484375,1121851
2025-06-24,SN.L,1092.0,1098.5,1083.0,1092.5,1092.24853515625,2099844
2025-06-25,SN.L,1101.5,1101.5,1085.5,1096.5,1096.24755859375,2582503
2025-06-26,SN.L,1100.0,1103.5,1095.0,1101.0,1100.74658203125,1164636
2025-06-27,SN.L,1102.0,1114.0,1100.0,1109.0,1108.74462890625,1935215
2025-06-30,SN.L,1111.5,1126.5,1109.3360595703125,1113.0,1112.7437744140625,1551916
2025-07-01,SN.L,1115.0,1119.5,1101.5,1119.0,1118.7423095703125,1720530
2025-07-02,SN.L,1119.0,1119.0,1105.0,1105.0,1104.74560546875,1075033
2025-07-03,SN.L,1110.5,1113.0,1104.0,1107.0,1106.7451171875,848856
2025-07-04,SN.L,1104.0,1112.0,1099.5,1111.5,1111.244140625,399884
2025-07-07,SN.L,1112.0,1125.0,1107.0,1109.0,1108.74462890625,875889
2025-07-08,SN.L,1100.5,1105.0,1089.5,1100.0,1099.7467041015625,1319655
2025-07-09,SN.L,1116.0,1130.0,1108.0,1115.0,1114.7432861328125,2004554
2025-07-10,SN.L,1122.5,1160.5,1121.5,1155.5,1155.23388671875,1861377
2025-07-11,SN.L,1140.0,1140.0,1122.5,1122.5,1122.2415771484375,1548468
2025-07-14,SN.L,1117.5,1125.5,1108.0,1119.0,1118.7423095703125,1040440
2025-07-15,SN.L,1109.0,1116.7989501953125,1088.5,1099.5,1099.246826171875,2497730
2025-07-16,SN.L,1090.0,1102.0,1078.5830078125,1096.5,1096.24755859375,1994465
2025-07-17,SN.L,1106.0,1121.0,1104.0,1119.5,1119.2421875,972811
2025-07-18,SN.L,1126.0,1127.5,1119.0,1125.0,1124.740966796875,1216821
2025-07-21,SN.L,1131.0,1134.0,1122.5,1128.5,1128.240234375,1134061
2025-07-22,SN.L,1125.5,1142.5,1124.0,1137.5,1137.2381591796875,1966454
2025-07-23,SN.L,1149.0,1167.0,1142.5,1158.5,1158.2332763671875,3191376
2025-07-24,SN.L,1169.5,1175.126953125,1165.0,1171.5,1171.230224609375,2764304
2025-07-25,SN.L,1168.0,1174.0,1164.0,1173.5,1173.2298583984375,1242318
2025-07-28,SN.L,1182.0,1184.5760498046875,1163.5,1171.0,1170.73046875,1254545
2025-07-29,SN.L,1169.5,1182.60498046875,1164.5,1180.0,1179.7283935546875,2150460
2025-07-30,SN.L,1183.5,1184.5,1169.5,1170.0,1169.7305908203125,3989877
2025-07-31,SN.L,1169.0,1179.5,1162.5,1162.5,1162.232421875,3421272
2025-08-01,SN.L,1151.0,1156.5,1136.5,1156.5,1156.2337646484375,1749719
2025-08-04,SN.L,1160.0,1165.905029296875,1141.0,1154.0,1153.7342529296875,2166250
2025-08-05,SN.L,1325.0,1350.5,1252.1309814453125,1331.0,1330.693603515625,10001760
2025-08-06,SN.L,1350.0,1350.0,1328.5,1337.5,1337.192138671875,4529121
2025-08-07,SN.L,1334.5,1366.0,1331.5,1344.5,1344.1904296875,4067531
2025-08-08,SN.L,1348.5,1348.5,1330.5,1340.5,1340.19140625,3228860
2025-08-11,SN.L,1340.5,1350.5,1332.5,1343.0,1342.6907958984375,1432442
2025-08-12,SN.L,1345.0,1359.5,1345.0,1346.0,1345.690185546875,3132253
2025-08-13,SN.L,1346.5,1359.2099609375,1343.0,1353.0,1352.6884765625,2240973
2025-08-14,SN.L,1361.5,1365.1090087890625,1349.0,1353.0,1352.6884765625,5925047
2025-08-15,SN.L,1357.0,1361.5,1342.5,1345.5,1345.190185546875,1902845
2025-08-18,SN.L,1345.0,1353.5,1343.5,1348.0,1347.6895751953125,2612767
2025-08-19,SN.L,1348.0,1367.5,1346.5,1367.5,1367.1851806640625,2797178
2025-08-20,SN.L,1369.0,1397.0,1365.0479736328125,1391.0,1390.6798095703125,8231497
2025-08-21,SN.L,1387.5,1390.0,1380.5,1385.0,1384.68115234375,1568670
2025-08-22,SN.L,1376.0,1390.5,1376.0,1383.0,1382.6815185546875,2564226
2025-08-26,SN.L,1384.5,1387.5,1376.0,1380.0,1379.6822509765625,3279228
2025-08-27,SN.L,1379.5,1393.5,1379.5,1382.0,1381.6817626953125,2692124
2025-08-28,SN.L,1383.5,1386.0,1375.0,1377.0,1376.682861328125,1640449
2025-08-29,SN.L,1379.5,1390.5,1378.0,1383.0,1382.6815185546875,3849188
2025-09-01,SN.L,1385.5,1391.2099609375,1383.0,1387.0,1386.6806640625,1683885
2025-09-02,SN.L,1384.0,1386.0,1367.0,1377.0,1376.682861328125,3718203
2025-09-03,SN.L,1377.0,1389.1510009765625,1372.5,1389.0,1388.68017578125,3121691
2025-09-04,SN.L,1391.0,1410.0,1387.5,1410.0,1409.6754150390625,2070274
2025-09-05,SN.L,1411.0,1426.5,1407.5,1416.0,1415.674072265625,2144079
2025-09-08,SN.L,1413.5,1419.0,1407.0030517578125,1412.5,1412.1748046875,2128774
2025-09-09,SN.L,1417.0,1435.0,1417.0,1435.0,1434.669677734375,2912894
2025-09-10,SN.L,1435.0,1441.5,1411.5,1413.0,1412.6746826171875,2281569
2025-09-11,SN.L,1415.0,1425.5,1413.5,1423.5,1423.17236328125,4058465
2025-09-12,SN.L,1422.5,1429.5810546875,1401.0,1405.0,1404.676513671875,2510899
2025-09-15,SN.L,1406.5,1415.0,1367.5,1385.0,1384.68115234375,4279996
2025-09-16,SN.L,1379.0,1387.0,1367.5,1377.5,1377.182861328125,3869645
2025-09-17,SN.L,1379.5,1379.5,1365.0,1371.0,1370.6844482421875,2994331
2025-09-18,SN.L,1368.0,1372.0,1364.5,1367.0,1366.6851806640625,4002667
2025-09-19,SN.L,1366.0,1378.0,1365.0,1371.0,1370.6844482421875,6618799
2025-09-22,SN.L,1372.5,1374.0,1349.0,1349.5,1349.189208984375,6704022
2025-09-23,SN.L,1346.5,1357.5,1339.0,1348.0,1347.6895751953125,5455233
2025-09-24,SN.L,1340.0,1345.5,1330.5,1334.5,1334.1927490234375,6993744
2025-09-25,SN.L,1316.5,1334.5,1313.27294921875,1319.0,1318.6962890625,5073653
2025-09-26,SN.L,1325.0,1337.5,1321.0,1322.5,1322.195556640625,6444030
2025-09-29,SN.L,1328.0,1339.0,1323.0,1324.0,1323.6951904296875,4598868
2025-09-30,SN.L,1322.5,1339.5,1319.5,1337.5,1337.192138671875,5562483
2025-10-01,SN.L,1350.0,1353.0,1342.0,1344.5,1344.1904296875,4321466
2025-10-02,SN.L,1346.5,1351.0,1338.5,1346.0,1345.8028564453125,5784142
2025-10-03,SN.L,1351.5,1356.0,1345.0,1353.0,1352.8017578125,2891364
2025-10-06,SN.L,1357.5,1364.0,1340.0,1342.0,1341.8033447265625,5328984
2025-10-07,SN.L,1335.0,1341.0,1327.5,1337.0,1336.8040771484375,5552358
2025-10-08,SN.L,1336.0,1343.5,1320.0,1343.5,1343.30322265625,2905446
2025-10-09,SN.L,1339.5,1357.5,1339.5,1357.5,1357.3011474609375,1920795
2025-10-10,SN.L,1346.5,1352.5,1321.0,1324.5,1324.305908203125,1729409
2025-10-13,SN.L,1326.0,1328.5,1312.0,1324.0,1323.8060302734375,2986371
2025-10-14,SN.L,1305.0,1321.0,1301.5,1311.0,1310.8079833984375,2538154
2025-10-15,SN.L,1321.0,1327.0,1313.0,1321.5,1321.306396484375,1752286
2025-10-16,SN.L,1323.5,1340.5,1320.0,1340.5,1340.3035888671875,1430856
2025-10-17,SN.L,1328.5,1346.5,1324.5,1346.5,1346.302734375,2204343
2025-10-20,SN.L,1350.0,1362.75,1347.0,1356.0,1355.8013916015625,10357478
2025-10-21,SN.L,1359.0,1370.0,1353.0,1367.5,1367.2996826171875,1835486
2025-10-22,SN.L,1370.5,1406.0,1364.5,1395.5,1395.2955322265625,1883253
2025-10-23,SN.L,1390.0,1394.0,1372.0,1377.0,1376.7982177734375,1623859
2025-10-24,SN.L,1375.0,1379.5,1371.5,1379.5,1379.2978515625,1449472
2025-10-27,SN.L,1374.0,1382.5,1367.0,1376.5,1376.29833984375,4071925
2025-10-28,SN.L,1380.5,1386.5,1373.5,1378.0,1377.798095703125,2409807
2025-10-29,SN.L,1377.5,1389.5,1365.5,1368.0,1367.799560546875,1898618
2025-10-30,SN.L,1365.0,1371.0,1358.5,1367.0,1366.7996826171875,1404195
2025-10-31,SN.L,1370.0,1406.0,1369.5,1405.0,1404.794189453125,2178301
2025-11-03,SN.L,1402.0,1411.5,1392.5,1396.0,1395.7955322265625,1128812
2025-11-04,SN.L,1400.0,1417.5,1391.0,1417.5,1417.2923583984375,2678435
2025-11-05,SN.L,1422.5,1426.5899658203125,1390.5,1393.5,1393.2958984375,2613556
2025-11-06,SN.L,1319.5,1319.5,1217.0,1242.0,1241.8179931640625,6497387
2025-11-07,SN.L,1244.5,1276.5,1234.5,1266.5,1266.314453125,4582921
2025-11-10,SN.L,1262.0,1273.0,1257.5,1271.0,1270.8138427734375,2871635
2025-11-11,SN.L,1269.5,1270.5,1246.5,1266.5,1266.314453125,2002696
2025-11-12,SN.L,1273.0,1283.5,1254.0,1282.0,1281.8121337890625,1104246
2025-11-13,SN.L,1266.5,1272.5,1258.5,1264.0,1263.8148193359375,1196404
2025-11-14,SN.L,1248.0,1251.0,1237.0,1248.5,1248.317138671875,1413311
2025-11-17,SN.L,1246.0,1255.0,1243.5,1245.0,1244.817626953125,1149257
2025-11-18,SN.L,1227.5,1241.0,1224.0,1238.5,1238.318603515625,1589177
2025-11-19,SN.L,1236.5,1248.5,1236.5,1237.5,1237.3187255859375,1646425
2025-11-20,SN.L,1248.0,1249.5,1231.0,1231.0,1230.8197021484375,995700
2025-11-21,SN.L,1226.0,1252.5,1220.0,1251.0,1250.8167724609375,1708460
2025-11-24,SN.L,1254.5,1260.0,1247.5,1256.0,1255.8160400390625,3116134
2025-11-25,SN.L,1257.5,1267.5,1250.0,1262.0,1261.8150634765625,7808066
2025-11-26,SN.L,1266.0,1269.5,1254.5,1263.0,1262.81494140625,1366950
2025-11-27,SN.L,1266.5,1268.5,1257.0,1259.0,1258.8155517578125,592891
2025-11-28,SN.L,1264.0,1269.5,1254.5,1254.5,1254.316162109375,1196016
2025-12-01,SN.L,1259.5,1259.5,1227.0,1244.0,1243.8177490234375,3117239
2025-12-02,SN.L,1239.5,1245.25,1225.5,1234.0,1233.8192138671875,1997534
2025-12-03,SN.L,1236.0,1241.5,1226.5,1233.5,1233.3193359375,1956272
2025-12-04,SN.L,1237.5,1240.5,1224.5,1231.5,1231.319580078125,1909678
2025-12-05,SN.L,1228.0,1267.5,1228.0,1265.0,1264.814697265625,2417327
2025-12-08,SN.L,1255.0,1292.5,1255.0,1265.0,1264.814697265625,1925156
2025-12-09,SN.L,1248.0,1261.5,1236.0,1251.5,1251.316650390625,1459722
2025-12-10,SN.L,1240.5,1251.5,1238.199951171875,1249.0,1248.8170166015625,2598099
2025-12-11,SN.L,1246.5,1246.5,1214.5,1214.5,1214.322021484375,2244965
2025-12-12,SN.L,1219.0,1228.5,1207.0,1215.5,1215.3218994140625,2920884
2025-12-15,SN.L,1207.0,1219.5,1198.0,1205.5,1205.3233642578125,2449743
2025-12-16,SN.L,1212.0,1216.0,1195.5,1206.0,1205.8233642578125,2134750
2025-12-17,SN.L,1204.0,1233.5,1203.5,1223.0,1222.82080078125,2655656
2025-12-18,SN.L,1218.0,1232.0,1218.0,1230.5,1230.3197021484375,1142642
2025-12-19,SN.L,1226.0,1236.0,1221.0,1233.5,1233.3193359375,5360176
2025-12-22,SN.L,1229.0,1236.5,1223.06005859375,1229.0,1228.8199462890625,1021625
2025-12-23,SN.L,1228.0,1232.0,1220.0,1220.0,1219.8212890625,722745
2025-12-24,SN.L,1216.0,1220.5,1213.0,1220.5,1220.3211669921875,306366
2025-12-29,SN.L,1233.5,1233.5,1223.5,1228.0,1227.820068359375,1042538
2025-12-30,SN.L,1224.5,1236.0,1224.5,1234.0,1233.8192138671875,849738
2025-12-31,SN.L,1236.0,1238.5,1232.0,1238.5,1238.318603515625,310666
2025-01-02,ITRK.L,4718.0,4750.0,4664.0,4678.0,4675.51318359375,130976
2025-01-03,ITRK.L,4658.0,4682.0,4626.0,4634.0,4631.537109375,320005
2025-01-06,ITRK.L,4680.0,4730.0,4656.0,4696.0,4693.50341796875,334372
2025-01-07,ITRK.L,4684.0,4738.0,4668.0,4730.0,4727.486328125,222299
2025-01-08,ITRK.L,4742.0,4802.0,4726.0,4784.0,4781.45703125,396847
2025-01-09,ITRK.L,4776.0,4850.0,4762.0,4848.0,4845.42333984375,228212
2025-01-10,ITRK.L,4828.0,4834.0,4768.0,4786.0,4783.4560546875,1931963
2025-01-13,ITRK.L,4760.0,4846.0,4732.0,4800.0,4797.44873046875,409531
2025-01-14,ITRK.L,4820.0,4840.0,4764.0,4764.0,4761.4677734375,354040
2025-01-15,ITRK.L,4822.0,4900.0,4732.0,4780.0,4777.45947265625,835876
2025-01-16,ITRK.L,4770.0,4914.0,4770.0,4902.0,4899.39453125,518828
2025-01-17,ITRK.L,4922.0,5000.0,4922.0,4938.0,4935.37548828125,434272
2025-01-20,ITRK.L,4946.0,5007.5029296875,4918.0,5005.0,5002.33984375,235488
2025-01-21,ITRK.L,5000.0,5020.0,4972.0,5000.0,4997.3427734375,312464
2025-01-22,ITRK.L,5005.0,5040.0,4982.0,4996.0,4993.34423828125,444401
2025-01-23,ITRK.L,4986.0,5005.0,4942.0,4978.0,4975.35400390625,349973
2025-01-24,ITRK.L,5080.0,5135.0,4972.0,5045.0,5042.31884765625,489205
2025-01-27,ITRK.L,5005.0,5130.0,4952.0,5030.0,5027.32666015625,733220
2025-01-28,ITRK.L,5025.0,5095.0,5025.0,5070.0,5067.30517578125,333784
2025-01-29,ITRK.L,5075.0,5110.0,5045.0,5070.0,5067.30517578125,315300
2025-01-30,ITRK.L,5060.0,5100.0,5050.0,5080.0,5077.30029296875,212200
2025-01-31,ITRK.L,5105.0,5125.0,5075.0,5110.0,5107.2841796875,1518656
2025-02-03,ITRK.L,5030.0,5060.0,4982.0,5060.0,5057.310546875,352991
2025-02-04,ITRK.L,5035.0,5070.0,4998.0,5055.0,5052.3134765625,339969
2025-02-05,ITRK.L,5050.0,5090.0,5005.0,5090.0,5087.29443359375,310081
2025-02-06,ITRK.L,5110.0,5130.0,5050.0,5080.0,5077.30029296875,210743
2025-02-07,ITRK.L,5075.0,5095.0,5040.0,5040.0,5037.3212890625,1579305
2025-02-10,ITRK.L,5040.0,5121.5498046875,5040.0,5100.0,5097.28955078125,1212983
2025-02-11,ITRK.L,5115.0,5270.0,5115.0,5260.0,5257.2041015625,1347548
2025-02-12,ITRK.L,5280.0,5340.0,5270.0,5340.0,5337.16162109375,292457
2025-02-13,ITRK.L,5430.0,5430.0,5280.0,5310.0,5307.177734375,268986
2025-02-14,ITRK.L,5315.0,5317.03515625,5275.0,5315.0,5312.17529296875,423272
2025-02-17,ITRK.L,5310.0,5325.0,5280.0,5300.0,5297.18310546875,362480
2025-02-18,ITRK.L,5305.0,5340.0,5290.0,5310.0,5307.177734375,184396
2025-02-19,ITRK.L,5315.0,5330.0,5252.5,5275.0,5272.1962890625,183114
2025-02-20,ITRK.L,5300.0,5300.0,5255.0,5280.0,5277.193359375,175816
2025-02-21,ITRK.L,5275.0,5300.0,5240.0,5255.0,5252.20703125,250098
2025-02-24,ITRK.L,5280.0,5280.0,5200.0,5260.0,5257.2041015625,270438
2025-02-25,ITRK.L,5235.0,5250.0,5185.0,5230.0,5227.22021484375,255539
2025-02-26,ITRK.L,5240.0,5270.0,5120.0,5120.0,5117.27880859375,322516
2025-02-27,ITRK.L,5080.0,5170.0,5080.0,5125.0,5122.27587890625,324333
2025-02-28,ITRK.L,5085.0,5170.0,5085.0,5135.0,5132.27099609375,693246
2025-03-03,ITRK.L,5145.0,5180.0,5095.0,5155.0,5152.26025390625,274641
2025-03-04,ITRK.L,5405.0,5575.0,5320.0,5385.0,5382.1376953125,701862
2025-03-05,ITRK.L,5385.0,5410.0,5200.0,5250.0,5247.20947265625,442405
2025-03-06,ITRK.L,5255.0,5305.0,5155.0,5210.0,5207.23095703125,1065096
2025-03-07,ITRK.L,5210.0,5230.0,5150.0,5215.0,5212.228515625,664525
2025-03-10,ITRK.L,5335.0,5335.0,5170.0,5170.0,5167.251953125,603579
2025-03-11,ITRK.L,5155.0,5180.0,4958.0,4960.0,4957.36376953125,431858
2025-03-12,ITRK.L,4956.0,5020.0,4934.0,4994.0,4991.34521484375,429129
2025-03-13,ITRK.L,4972.0,4978.0,4850.0,4880.0,4877.40625,295210
2025-03-14,ITRK.L,4876.0,4912.0,4844.0,4886.0,4883.40283203125,369680
2025-03-17,ITRK.L,4878.0,4940.0,4870.0,4898.0,4895.39697265625,272805
2025-03-18,ITRK.L,4912.0,4912.0,4820.0,4866.0,4863.41357421875,262470
2025-03-19,ITRK.L,4872.0,4894.0,4824.0,4880.0,4877.40625,507154
2025-03-20,ITRK.L,4880.0,4932.0,4858.0,4910.0,4907.390625,316516
2025-03-21,ITRK.L,4878.0,4896.0,4856.0,4894.0,4891.39892578125,714996
2025-03-24,ITRK.L,4998.0,5030.0,4912.0,4942.0,4939.373046875,556399
2025-03-25,ITRK.L,4940.0,4996.0,4940.0,4976.0,4973.35498046875,635224
2025-03-26,ITRK.L,4982.0,4998.0,4950.0,4954.0,4951.36669921875,358917
2025-03-27,ITRK.L,4932.0,4970.0,4920.0,4964.0,4961.361328125,457447
2025-03-28,ITRK.L,4950.0,5020.0,4948.0,5020.0,5017.33203125,389392
2025-03-31,ITRK.L,5015.0,5040.0,4972.0,5005.0,5002.33984375,561703
2025-04-01,ITRK.L,5045.0,5090.0,5015.0,5045.0,5042.31884765625,462456
2025-04-02,ITRK.L,5015.0,5035.0,4928.0,5000.0,4997.3427734375,612336
2025-04-03,ITRK.L,4924.0,4944.0,4718.0,4804.0,4801.4462890625,725076
2025-04-04,ITRK.L,4800.0,4828.0,4540.0,4540.0,4537.58740234375,907475
2025-04-07,ITRK.L,4404.0,4496.0,4206.0,4206.0,4203.7646484375,1423299
2025-04-08,ITRK.L,4292.0,4338.57177734375,4176.0,4270.0,4267.73095703125,1309527
2025-04-09,ITRK.L,4166.0,4230.0,4044.0,4064.0,4061.83984375,1583592
2025-04-10,ITRK.L,4400.0,4446.0,4275.2841796875,4334.0,4331.69677734375,1976096
2025-04-11,ITRK.L,4378.0,4394.0,4314.0,4368.0,4365.67822265625,805921
2025-04-14,ITRK.L,4448.0,4468.0,4400.0,4446.0,4443.63671875,832266
2025-04-15,ITRK.L,4464.0,4588.0,4450.0,4588.0,4585.5615234375,1128483
2025-04-16,ITRK.L,4580.0,4586.0,4482.0,4530.0,4527.59228515625,865030
2025-04-17,ITRK.L,4502.0,4576.0,4472.0,4552.0,4549.58056640625,418155
2025-04-22,ITRK.L,4538.0,4562.0,4514.0,4524.0,4521.595703125,1713396
2025-04-23,ITRK.L,4586.0,4636.0,4560.0,4570.0,4567.57080078125,537867
2025-04-24,ITRK.L,4542.0,4580.0,4512.0,4554.0,4551.5791015625,1117932
2025-04-25,ITRK.L,4572.0,4628.0,4556.0,4594.0,4591.55810546875,1420801
2025-04-28,ITRK.L,4598.0,4612.0,4528.0,4528.0,4525.59326171875,289871
2025-04-29,ITRK.L,4536.0,4568.0,4536.0,4536.0,4533.5888671875,494855
2025-04-30,ITRK.L,4554.0,4596.0,4528.0,4584.0,4581.5634765625,354515
2025-05-01,ITRK.L,4584.0,4594.0,4560.0,4594.0,4591.55810546875,201677
2025-05-02,ITRK.L,4618.0,4692.0,4618.0,4640.0,4637.5341796875,475640
2025-05-06,ITRK.L,4688.0,4706.0,4628.0,4662.0,4659.52197265625,323546
2025-05-07,ITRK.L,4672.0,4684.0,4622.0,4648.0,4645.52880859375,325098
2025-05-08,ITRK.L,4680.0,4714.2451171875,4658.0,4688.0,4685.5078125,852898
2025-05-09,ITRK.L,4708.0,4739.0,4696.0,4738.0,4735.4814453125,218632
2025-05-12,ITRK.L,4758.0,4892.0,4758.0,4862.0,4859.416015625,404669
2025-05-13,ITRK.L,4848.0,4936.0,4838.0,4936.0,4933.37646484375,204769
2025-05-14,ITRK.L,4930.0,4986.0,4914.0,4938.0,4935.37548828125,320949
2025-05-15,ITRK.L,4922.0,4996.0,4910.0048828125,4996.0,4993.34423828125,406278
2025-05-16,ITRK.L,5000.0,5010.0,4928.0,4958.0,4955.36474609375,416092
2025-05-19,ITRK.L,4922.0,4942.0,4880.0,4942.0,4939.373046875,1187430
2025-05-20,ITRK.L,4950.0,4974.0,4924.0,4956.0,4953.36572265625,250992
2025-05-21,ITRK.L,4938.0,4970.0,4906.0,4920.0,4917.38525390625,444241
2025-05-22,ITRK.L,4864.0,4880.0,4694.0,4758.0,4755.470703125,709484
2025-05-23,ITRK.L,4750.0,4804.0,4676.0,4758.0,4755.470703125,516400
2025-05-27,ITRK.L,4800.0,4872.0,4784.0,4784.0,4781.45703125,454554
2025-05-28,ITRK.L,4770.0,4854.0,4770.0,4808.0,4805.44482421875,470061
2025-05-29,ITRK.L,4766.0,4794.0,4722.0,4746.0,4744.48974609375,427761
2025-05-30,ITRK.L,4746.0,4824.0,4746.0,4786.0,4784.47705078125,1052295
2025-06-02,ITRK.L,4764.0,4776.0,4724.0,4754.0,4752.4873046875,529277
2025-06-03,ITRK.L,4760.0,4760.615234375,4706.0,4752.0,4750.48779296875,997471
2025-06-04,ITRK.L,4762.0,4810.0,4742.0,4772.0,4770.4814453125,845902
2025-06-05,ITRK.L,4774.0,4782.0,4748.0,4752.0,4750.48779296875,894311
2025-06-06,ITRK.L,4728.0,4752.0,4696.0,4742.0,4740.4912109375,265131
2025-06-09,ITRK.L,4754.0,4768.0,4742.0,4752.0,4750.48779296875,379944
2025-06-10,ITRK.L,4762.0,4809.0,4758.0,4786.0,4784.47705078125,484658
2025-06-11,ITRK.L,4790.0,4862.0,4788.0,4826.0,4824.46435546875,827827
2025-06-12,ITRK.L,4806.0,4852.0,4786.0,4836.0,4834.4609375,508925
2025-06-13,ITRK.L,4766.0,4798.0,4748.0,4762.0,4760.48486328125,619306
2025-06-16,ITRK.L,4768.0,4812.0,4744.0,4778.0,4776.47998046875,301830
2025-06-17,ITRK.L,4752.0,4770.0,4728.0,4750.0,4748.48876953125,587334
2025-06-18,ITRK.L,4776.0,4778.0,4736.0,4766.0,4764.4833984375,503753
2025-06-19,ITRK.L,4738.0,4750.0,4722.0,4734.0,4732.49365234375,322474
2025-06-20,ITRK.L,4742.0,4772.0,4633.498046875,4646.0,4644.521484375,1169061
2025-06-23,ITRK.L,4612.0,4718.0,4612.0,4718.0,4716.49853515625,685327
2025-06-24,ITRK.L,4776.0,4824.0,4744.0,4744.0,4742.490234375,655320
2025-06-25,ITRK.L,4754.0,4776.0,4701.0,4714.0,4712.5,243505
2025-06-26,ITRK.L,4694.0,4740.0,4678.0,4726.0,4724.49609375,298370
2025-06-27,ITRK.L,4722.0,4810.0,4722.0,4794.0,4792.474609375,191107
2025-06-30,ITRK.L,4798.0,4814.0,4740.0,4740.0,4738.49169921875,479215
2025-07-01,ITRK.L,4730.0,4748.0,4692.0,4736.0,4734.49267578125,581490
2025-07-02,ITRK.L,4764.0,4802.0,4738.0,4802.0,4800.47216796875,199372
2025-07-03,ITRK.L,4824.0,4852.0,4806.0,4832.0,4830.46240234375,160831
2025-07-04,ITRK.L,4808.0,4840.0,4778.0,4834.0,4832.4619140625,188785
2025-07-07,ITRK.L,4824.0,4856.0,4810.0,4848.0,4846.45751953125,175584
2025-07-08,ITRK.L,4848.0,4856.0,4792.0,4842.0,4840.45947265625,195153
2025-07-09,ITRK.L,4856.0,4878.0,4826.0,4834.0,4832.4619140625,251075
2025-07-10,ITRK.L,4870.0,4956.0,4864.0,4938.0,4936.4287109375,309566
2025-07-11,ITRK.L,4922.0,4942.0,4882.0,4882.0,4880.44677734375,266528
2025-07-14,ITRK.L,4850.0,4890.0,4850.0,4886.0,4884.4453125,430555
2025-07-15,ITRK.L,4900.0,4944.0,4872.0,4880.0,4878.447265625,308914
2025-07-16,ITRK.L,4848.0,4906.0,4846.0,4884.0,4882.44580078125,116772
2025-07-17,ITRK.L,4926.0,4926.0,4862.0,4880.0,4878.447265625,136371
2025-07-18,ITRK.L,4912.0,4920.0,4776.0,4888.0,4886.44482421875,124138
2025-07-21,ITRK.L,4890.0,4916.0,4808.0,4882.0,4880.44677734375,581928
2025-07-22,ITRK.L,4860.0,4882.0,4788.0,4854.0,4852.45556640625,369672
2025-07-23,ITRK.L,4896.0,4916.0,4838.0,4838.0,4836.4609375,182875
2025-07-24,ITRK.L,4880.0,4928.0,4840.0,4900.0,4898.44091796875,329239
2025-07-25,ITRK.L,4928.0,5005.0,4880.0,4912.0,4910.43701171875,374953
2025-07-28,ITRK.L,4952.0,4994.0,4918.0,4918.0,4916.43505859375,315609
2025-07-29,ITRK.L,4908.0,4944.0,4896.0,4898.0,4896.44189453125,144664
2025-07-30,ITRK.L,4908.0,4966.0,4896.0,4920.0,4918.4345703125,205973
2025-07-31,ITRK.L,4936.0,5005.0,4930.0,4940.0,4938.42822265625,356401
2025-08-01,ITRK.L,4580.0,4670.0,4520.0,4610.0,4608.533203125,1085454
2025-08-04,ITRK.L,4600.0,4700.77880859375,4586.0,4642.0,4640.52294921875,444320
2025-08-05,ITRK.L,4658.0,4696.0,4615.796875,4634.0,4632.525390625,553919
2025-08-06,ITRK.L,4642.0,4680.0,4636.0,4652.0,4650.51953125,498637
2025-08-07,ITRK.L,4646.0,4730.0,4646.0,4710.0,4708.50146484375,268970
2025-08-08,ITRK.L,4780.0,4780.0,4686.0,4700.0,4698.50439453125,243861
2025-08-11,ITRK.L,4710.0,4734.0,4674.0,4674.0,4672.5126953125,243288
2025-08-12,ITRK.L,4700.0,4704.0,4670.0,4704.0,4702.5029296875,358951
2025-08-13,ITRK.L,4744.0,4744.0,4690.0,4690.0,4688.5078125,291827
2025-08-14,ITRK.L,4704.0,4704.0,4660.0,4664.0,4662.515625,223777
2025-08-15,ITRK.L,4692.0,4692.0,4630.0,4648.0,4646.5205078125,293040
2025-08-18,ITRK.L,4652.0,4676.31689453125,4644.0,4654.0,4652.51904296875,329908
2025-08-19,ITRK.L,4664.0,4702.0,4648.0,4690.0,4688.5078125,414907
2025-08-20,ITRK.L,4690.0,4782.0,4686.0,4774.0,4772.48095703125,210156
2025-08-21,ITRK.L,4774.0,4788.0,4736.0,4736.0,4734.49267578125,153355
2025-08-22,ITRK.L,4720.0,4762.0,4712.0,4760.0,4758.4853515625,204185
2025-08-26,ITRK.L,4744.0,4754.0,4692.0,4716.0,4714.4990234375,433021
2025-08-27,ITRK.L,4718.0,4730.0,4686.0,4692.0,4690.5068359375,248418
2025-08-28,ITRK.L,4702.0,4714.0,4656.0,4682.0,4680.51025390625,140556
2025-08-29,ITRK.L,4690.0,4706.0,4666.0,4690.0,4688.5078125,195056
2025-09-01,ITRK.L,4690.0,4694.0,4652.0,4664.0,4662.515625,412869
2025-09-02,ITRK.L,4660.0,4660.0,4598.0,4598.0,4596.53662109375,457195
2025-09-03,ITRK.L,4608.0,4644.0,4598.0,4628.0,4626.52734375,617213
2025-09-04,ITRK.L,4640.0,4666.0,4630.0,4630.0,4628.52685546875,318745
2025-09-05,ITRK.L,4652.0,4728.0,4648.0,4696.0,4694.50537109375,175996
2025-09-08,ITRK.L,4788.0,4788.0,4686.0,4720.0,4718.498046875,183329
2025-09-09,ITRK.L,4748.0,4750.0,4686.0,4702.0,4700.50390625,190649
2025-09-10,ITRK.L,4708.0,4742.0,4636.0,4660.0,4658.51708984375,252973
2025-09-11,ITRK.L,4660.0,4664.0,4604.0,4664.0,4663.08935546875,481794
2025-09-12,ITRK.L,4684.0,4705.0400390625,4658.0,4670.0,4669.087890625,435161
2025-09-15,ITRK.L,4674.0,4752.0,4642.0,4642.0,4641.09375,914661
2025-09-16,ITRK.L,4638.0,4698.0,4606.0,4646.0,4645.0927734375,464719
2025-09-17,ITRK.L,4660.0,4692.0,4648.0,4648.0,4647.09228515625,439512
2025-09-18,ITRK.L,4606.0,4700.0,4606.0,4664.0,4663.08935546875,590075
2025-09-19,ITRK.L,4652.0,4678.0,4622.0,4636.0,4635.0947265625,1372845
2025-09-22,ITRK.L,4630.0,4646.0,4618.0,4634.0,4633.09521484375,595874
2025-09-23,ITRK.L,4640.0,4672.0,4632.0,4638.0,4637.09423828125,180375
2025-09-24,ITRK.L,4628.0,4637.0,4586.0,4612.0,4611.099609375,805996
2025-09-25,ITRK.L,4610.0,4610.0,4574.0,4592.0,4591.103515625,380755
2025-09-26,ITRK.L,4606.0,4610.0,4572.0,4590.0,4589.103515625,312622
2025-09-29,ITRK.L,4616.0,4654.0,4592.0,4652.0,4651.091796875,873426
2025-09-30,ITRK.L,4656.0,4762.8798828125,4636.0,4722.0,4721.078125,433545
2025-10-01,ITRK.L,4762.0,4862.7470703125,4732.0,4780.0,4779.06640625,472666
2025-10-02,ITRK.L,4756.0,4828.0,4756.0,4824.0,4823.05810546875,238983
2025-10-03,ITRK.L,4866.0,4948.0,4837.75390625,4948.0,4947.03369140625,424443
2025-10-06,ITRK.L,4934.0,5015.0,4920.0,4984.0,4983.02685546875,334621
2025-10-07,ITRK.L,4988.0,5015.0,4942.0,4942.0,4941.03515625,408005
2025-10-08,ITRK.L,4940.0,4996.0,4936.0,4942.0,4941.03515625,359987
2025-10-09,ITRK.L,4942.0,4976.0,4926.0,4938.0,4937.03564453125,329943
2025-10-10,ITRK.L,4984.0,4990.0,4884.0,4886.0,4885.0458984375,766643
2025-10-13,ITRK.L,4896.0,4914.0,4796.0,4812.0,4811.060546875,783170
2025-10-14,ITRK.L,4788.0,4808.0,4758.0,4784.0,4783.06591796875,338035
2025-10-15,ITRK.L,4812.0,4856.0,4794.0,4850.0,4849.052734375,290686
2025-10-16,ITRK.L,4864.0,4882.0,4820.0,4864.0,4863.05029296875,308822
2025-10-17,ITRK.L,4818.0,4852.0,4790.0,4824.0,4823.05810546875,345787
2025-10-20,ITRK.L,4838.0,4902.0,4818.0,4892.0,4891.044921875,291796
2025-10-21,ITRK.L,4922.0,4942.0,4900.0,4930.0,4929.037109375,390667
2025-10-22,ITRK.L,4934.0,4974.0,4910.0,4960.0,4959.03125,272267
2025-10-23,ITRK.L,5020.0,5030.0,4962.0,5020.0,5019.01953125,244329
2025-10-24,ITRK.L,5040.0,5085.0,5034.31982421875,5080.0,5079.0078125,196498
2025-10-27,ITRK.L,5085.0,5110.0,5065.0,5085.0,5084.0068359375,203848
2025-10-28,ITRK.L,5085.0,5110.0,5040.0,5070.0,5069.009765625,1076541
2025-10-29,ITRK.L,5070.0,5095.0,5050.0,5065.0,5064.0107421875,315014
2025-10-30,ITRK.L,5055.0,5100.0,5025.0,5065.0,5064.0107421875,384242
2025-10-31,ITRK.L,5085.0,5095.0,5045.0,5065.0,5064.0107421875,277094
2025-11-03,ITRK.L,5075.0,5090.0,5015.0,5040.0,5039.015625,515146
2025-11-04,ITRK.L,5020.0,5120.0,4994.0,5100.0,5099.00390625,395430
2025-11-05,ITRK.L,5100.0,5150.0,5075.0,5130.0,5128.99853515625,234286
2025-11-06,ITRK.L,5110.0,5140.0,5020.0,5035.0,5034.0166015625,264032
2025-11-07,ITRK.L,5045.0,5050.0,4904.0,4954.0,4953.03271484375,169765
2025-11-10,ITRK.L,5000.0,5010.0,4954.0,4980.0,4979.02734375,140972
2025-11-11,ITRK.L,5035.0,5060.0,4978.0,5030.0,5029.017578125,309086
2025-11-12,ITRK.L,5030.0,5070.0,5015.0,5060.0,5059.01171875,205628
2025-11-13,ITRK.L,5075.0,5075.0,4982.0,4996.0,4995.0244140625,155842
2025-11-14,ITRK.L,4978.0,4978.0,4880.0,4928.0,4927.03759765625,279785
2025-11-17,ITRK.L,4934.0,4944.0,4858.0,4858.0,4857.05126953125,604295
2025-11-18,ITRK.L,4794.0,4830.0,4774.0,4776.0,4775.0673828125,326229
2025-11-19,ITRK.L,4760.0,4834.68212890625,4760.0,4824.0,4823.05810546875,233105
2025-11-20,ITRK.L,4860.0,4866.0,4798.0,4800.0,4799.0625,222836
2025-11-21,ITRK.L,4770.0,4850.0,4758.0,4834.0,4833.05615234375,266703
2025-11-24,ITRK.L,4872.0,4896.0,4844.0,4870.0,4869.048828125,538873
2025-11-25,ITRK.L,4734.0,4734.0,4572.0,4592.0,4591.103515625,748152
2025-11-26,ITRK.L,4600.0,4642.0,4568.0,4638.0,4637.09423828125,748169
2025-11-27,ITRK.L,4636.0,4667.0,4614.0,4634.0,4633.09521484375,461007
2025-11-28,ITRK.L,4640.0,4660.0,4598.0,4626.0,4625.0966796875,304115
2025-12-01,ITRK.L,4598.0,4652.0,4532.0,4614.0,4613.09912109375,629088
2025-12-02,ITRK.L,4624.0,4626.0,4566.0,4600.0,4599.1015625,330260
2025-12-03,ITRK.L,4614.0,4640.0,4580.0,4600.0,4599.1015625,222526
2025-12-04,ITRK.L,4608.0,4638.0,4608.0,4608.0,4607.10009765625,197553
2025-12-05,ITRK.L,4622.0,4638.0,4584.0,4590.0,4589.103515625,251284
2025-12-08,ITRK.L,4574.0,4600.0,4532.0,4532.0,4531.115234375,352797
2025-12-09,ITRK.L,4532.0,4560.0,4437.0,4446.0,4445.1318359375,480178
2025-12-10,ITRK.L,4422.0,4468.0,4404.0,4434.0,4433.13427734375,535960
2025-12-11,ITRK.L,4448.0,4464.0,4408.0,4414.0,4413.13818359375,732266
2025-12-12,ITRK.L,4418.0,4480.0,4418.0,4424.0,4423.13623046875,711508
2025-12-15,ITRK.L,4444.0,4512.6689453125,4430.52001953125,4490.0,4489.123046875,495220
2025-12-16,ITRK.L,4492.0,4554.0,4478.0,4524.0,4523.11669921875,369422
2025-12-17,ITRK.L,4552.0,4566.22802734375,4524.0,4566.0,4565.1083984375,581406
2025-12-18,ITRK.L,4556.0,4624.0,4546.0,4624.0,4623.09716796875,1145032
2025-12-19,ITRK.L,4602.0,4672.0,4602.0,4672.0,4671.087890625,990171
2025-12-22,ITRK.L,4644.0,4672.0,4628.0,4654.0,4653.09130859375,421285
2025-12-23,ITRK.L,4664.0,4678.0,4650.0,4650.0,4649.091796875,150779
2025-12-24,ITRK.L,4646.0,4668.0,4640.0,4658.0,4657.09033203125,52608
2025-12-29,ITRK.L,4662.0,4680.0,4636.0,4656.0,4655.0908203125,192209
2025-12-30,ITRK.L,4608.0,4658.0,4608.0,4630.0,4629.095703125,161943
2025-12-31,ITRK.L,4644.0,4646.0,4612.0,4626.0,4625.0966796875,94194
